Timestamp,Wrist,Thumb_CMC,Thumb_MCP,Thumb_IP,Thumb_Tip,Index_MCP,Index_PIP,Index_DIP,Index_Tip,Middle_MCP,Middle_PIP,Middle_DIP,Middle_Tip,Ring_MCP,Ring_PIP,Ring_DIP,Ring_Tip,Pinky_MCP,Pinky_PIP,Pinky_DIP,Pinky_Tip
2024.6.23 15:43,155,135,127,136,13,107,109,111,56,108,116,118,56,97,105,112,65,91,95,106,
2024.6.23 15:43,140,125,119,120,47,111,109,108,58,98,96,96,74,93,92,95,78,82,83,87,
2024.6.23 15:43,140,119,106,109,38,105,103,102,64,92,92,92,79,84,87,89,84,74,76,80,
2024.6.23 15:43,139,118,105,112,36,104,101,100,66,91,90,89,81,83,84,87,87,72,74,77,
2024.6.23 15:43,139,117,107,119,33,104,102,101,66,90,90,89,82,81,84,86,88,70,72,74,
2024.6.23 15:43,142,118,111,122,30,107,104,104,64,93,92,91,80,84,86,87,86,72,73,75,
2024.6.23 15:43,143,116,114,123,32,106,104,104,65,95,94,92,78,88,89,90,83,75,77,79,
2024.6.23 15:43,147,119,116,124,30,109,106,105,62,95,94,92,77,88,90,90,83,73,76,77,
2024.6.23 15:43,153,122,119,127,25,112,108,107,59,98,98,96,75,89,92,93,81,74,79,81,
2024.6.23 15:43,155,123,122,128,24,112,111,110,59,97,100,99,74,89,92,93,82,75,78,80,
2024.6.23 15:43,162,123,123,131,25,114,114,112,57,101,102,99,72,94,94,92,80,79,79,79,
2024.6.23 15:43,162,122,124,129,30,114,113,113,57,99,102,100,73,92,94,94,80,79,82,83,
2024.6.23 15:43,161,122,122,128,31,113,115,115,55,99,101,99,74,91,93,92,81,78,78,80,
2024.6.23 15:43,158,120,120,125,32,113,113,112,57,96,96,93,77,90,91,89,82,79,80,81,
2024.6.23 15:43,156,119,119,126,32,112,112,112,58,96,96,93,77,90,92,90,82,77,81,81,
2024.6.23 15:43,156,119,120,127,33,113,111,110,58,96,96,92,77,91,93,91,81,77,80,79,
2024.6.23 15:43,156,119,121,125,29,112,110,110,59,98,98,95,75,91,93,92,81,77,81,81,
2024.6.23 15:43,156,118,121,127,25,112,109,109,59,98,98,95,75,90,94,93,81,76,82,82,
2024.6.23 15:43,155,117,120,127,24,112,107,107,60,97,96,94,76,89,91,93,82,75,81,83,
2024.6.23 15:43,153,117,119,126,26,109,106,106,62,96,96,94,77,87,90,92,83,72,77,80,
2024.6.23 15:43,149,116,117,125,27,108,106,105,62,95,95,92,78,86,89,89,84,72,77,78,
2024.6.23 15:43,149,116,116,124,28,107,104,103,63,95,94,91,78,86,88,88,85,74,77,78,
2024.6.23 15:43,146,116,114,124,31,107,102,101,65,93,91,89,80,85,87,87,85,73,77,78,
2024.6.23 15:43,143,117,113,123,33,106,102,101,65,93,93,91,79,83,85,87,87,73,75,78,
2024.6.23 15:43,142,116,115,120,39,106,102,101,64,95,93,92,78,85,84,87,86,73,73,76,
2024.6.23 15:43,137,116,113,118,43,105,103,103,65,94,92,91,79,85,84,87,86,73,72,76,
2024.6.23 15:43,136,116,113,115,45,104,103,102,66,91,90,89,81,85,85,88,85,72,72,76,
2024.6.23 15:43,135,116,111,111,50,104,101,100,67,88,87,84,84,85,86,86,86,72,72,74,
2024.6.23 15:43,134,116,112,111,49,103,101,100,68,88,89,86,83,83,86,87,87,70,71,74,
2024.6.23 15:43,131,114,112,110,50,101,101,101,69,89,91,89,82,82,85,88,87,68,70,74,
2024.6.23 15:43,131,112,111,112,49,100,99,98,70,89,88,87,84,82,84,87,88,69,68,72,
2024.6.23 15:43,131,112,110,112,46,100,99,98,70,88,88,87,84,81,83,86,89,69,70,73,
2024.6.23 15:43,131,113,107,111,43,100,99,97,71,88,88,87,84,81,82,85,89,69,69,73,
2024.6.23 15:43,133,113,104,109,42,99,97,95,72,88,87,86,84,80,82,84,89,69,69,72,
2024.6.23 15:43,133,113,102,108,40,99,97,95,72,86,86,85,85,80,82,84,89,69,68,70,
2024.6.23 15:43,132,112,102,108,40,98,95,93,73,86,86,84,86,80,82,83,90,68,68,70,
2024.6.23 15:43,131,112,100,108,41,98,95,94,73,86,85,85,86,80,81,83,90,68,67,69,
2024.6.23 15:43,131,111,99,107,43,98,95,93,73,86,85,85,86,80,81,83,90,67,66,69,
2024.6.23 15:43,131,111,100,108,41,98,95,93,73,86,85,85,86,80,81,82,90,67,66,68,
2024.6.23 15:43,132,111,100,111,39,98,96,94,73,86,85,84,86,80,81,83,90,67,66,69,
2024.6.23 15:43,133,111,101,110,40,98,97,95,72,86,86,86,85,80,82,83,90,67,66,68,
2024.6.23 15:44,133,111,101,111,40,98,97,95,72,86,86,85,86,79,81,83,90,66,65,67,
2024.6.23 15:44,133,110,100,113,38,98,97,96,72,86,86,86,85,79,81,83,90,65,65,67,
2024.6.23 15:44,133,110,100,110,39,99,98,97,71,86,86,86,85,78,81,83,91,66,66,69,
2024.6.23 15:44,134,109,99,111,40,98,97,96,71,85,85,85,86,78,81,83,91,65,66,68,
2024.6.23 15:44,132,109,98,107,41,97,95,93,74,85,84,83,87,77,78,80,93,63,63,66,
2024.6.23 15:44,131,109,99,108,40,96,94,93,74,85,84,84,87,77,79,80,93,63,63,66,
2024.6.23 15:44,130,108,98,108,40,95,93,91,76,83,83,82,89,76,77,79,94,63,63,65,
2024.6.23 15:44,129,108,97,108,40,94,92,91,76,83,83,82,89,75,77,79,95,62,62,64,
2024.6.23 15:44,129,108,97,108,40,94,92,91,77,82,83,82,89,74,77,78,95,61,61,63,
2024.6.23 15:44,129,109,98,107,41,94,92,90,77,82,82,81,90,74,76,77,96,62,62,64,
2024.6.23 15:44,129,109,97,107,41,93,91,90,77,82,82,81,90,73,75,77,96,60,61,63,
2024.6.23 15:44,129,109,97,106,40,94,91,90,77,81,82,81,90,73,75,76,97,60,61,62,
2024.6.23 15:44,129,109,99,108,38,94,92,91,77,82,82,80,90,74,76,77,96,61,62,64,
2024.6.23 15:44,131,111,101,109,36,94,92,91,77,82,82,81,90,74,76,77,96,61,63,64,
2024.6.23 15:44,134,113,104,114,31,95,94,93,75,83,84,83,88,74,77,77,96,61,61,62,
2024.6.23 15:44,136,117,108,116,28,97,95,94,73,84,86,86,86,76,78,80,93,61,61,64,
2024.6.23 15:44,138,118,112,120,26,99,97,96,72,88,89,88,83,80,81,83,90,65,63,65,
2024.6.23 15:44,143,121,115,123,24,101,98,97,70,91,90,89,81,83,83,85,88,67,66,70,
2024.6.23 15:44,142,118,109,122,29,101,98,97,70,90,92,92,80,82,85,87,87,68,70,73,
2024.6.23 15:44,140,115,107,119,32,100,97,95,71,89,90,90,82,81,84,86,88,66,68,71,
2024.6.23 15:44,141,115,109,122,30,100,97,96,71,89,90,89,82,81,83,84,89,65,67,70,
2024.6.23 15:44,144,116,111,123,26,101,99,97,71,91,92,91,81,82,84,85,89,66,68,71,
2024.6.23 15:44,148,118,114,123,24,102,100,100,70,92,93,93,80,83,86,87,88,67,71,74,
2024.6.23 15:44,154,125,120,129,28,108,106,105,62,95,96,95,76,88,91,92,82,73,76,79,
2024.6.23 15:44,148,122,115,127,26,105,103,101,66,92,93,92,79,84,87,89,85,70,73,76,
2024.6.23 15:44,149,121,115,125,27,104,101,100,68,91,91,90,81,84,86,88,86,70,73,76,
2024.6.23 15:44,151,122,118,125,26,105,103,102,67,92,93,92,80,85,87,89,85,72,74,78,
2024.6.23 15:44,149,120,118,126,23,104,104,103,68,91,92,91,81,85,88,89,86,71,75,77,
2024.6.23 15:44,150,119,117,126,22,104,103,102,69,91,93,91,81,84,88,88,87,69,73,75,
2024.6.23 15:44,150,119,118,128,17,105,105,104,68,92,94,93,80,85,89,89,86,69,72,75,
2024.6.23 15:44,159,132,129,135,21,114,112,111,58,97,97,94,75,90,93,93,80,75,76,78,
2024.6.23 15:44,146,134,131,139,24,117,117,117,53,101,103,101,70,93,98,99,75,79,80,80,
2024.6.23 15:44,169,134,133,138,18,115,114,113,58,101,102,100,71,95,97,97,76,79,82,84,
2024.6.23 15:44,167,134,133,139,11,115,114,113,58,103,104,101,71,97,98,98,75,81,83,84,
2024.6.23 15:44,154,128,129,135,23,113,114,115,57,101,105,105,69,93,99,100,76,79,80,82,
2024.6.23 15:44,168,136,133,136,28,116,114,113,56,102,102,100,71,96,98,97,75,81,84,85,
2024.6.23 15:44,165,138,136,140,28,120,118,117,51,104,104,101,68,96,98,99,74,80,83,85,
2024.6.23 15:44,154,122,120,127,21,107,105,103,66,94,94,92,79,87,90,89,84,73,76,77,
2024.6.23 15:44,142,114,111,125,27,106,105,103,66,94,96,93,79,86,90,87,85,74,74,71,
2024.6.23 15:44,140,111,105,117,29,104,109,110,64,93,95,95,79,83,86,89,88,72,80,83,
2024.6.23 15:44,147,116,111,122,25,111,115,115,57,98,102,103,73,88,94,96,82,77,85,87,
2024.6.23 15:44,145,114,110,125,21,109,114,115,60,98,102,102,74,90,95,96,81,80,86,87,
2024.6.23 15:44,159,127,119,128,26,117,117,117,51,102,105,105,68,94,97,100,76,81,87,90,
2024.6.23 15:44,159,129,122,130,26,118,116,114,52,101,101,101,71,92,96,97,77,81,83,86,
2024.6.23 15:44,160,127,121,129,29,118,115,114,52,101,102,101,71,94,96,97,76,82,85,87,
2024.6.23 15:44,162,127,122,132,32,119,117,117,50,103,103,102,69,96,97,98,75,84,86,87,
2024.6.23 15:44,162,128,124,132,35,119,118,118,49,103,104,104,68,96,98,99,74,85,87,89,
2024.6.23 15:44,160,125,121,130,34,117,117,117,50,102,104,103,69,95,97,98,75,82,84,87,
2024.6.23 15:44,161,125,120,128,35,117,118,117,50,102,103,102,69,95,98,100,74,82,85,88,
2024.6.23 15:44,160,125,119,127,32,116,117,116,52,101,101,100,71,94,97,98,76,82,84,87,
2024.6.23 15:44,158,124,117,124,32,115,117,116,53,99,100,98,73,92,94,94,79,82,84,86,
2024.6.23 15:44,155,122,115,123,31,112,112,111,56,98,98,96,74,92,94,92,79,81,83,83,
2024.6.23 15:44,154,119,114,120,34,112,110,109,58,97,95,93,77,91,91,89,81,79,79,80,
2024.6.23 15:44,149,120,113,122,33,110,109,107,59,95,95,93,76,89,90,89,82,77,79,80,
2024.6.23 15:44,150,119,113,121,33,110,108,107,60,97,96,94,76,88,88,87,83,77,78,78,
2024.6.23 15:44,153,121,113,122,29,111,111,109,58,98,98,97,74,92,93,92,79,80,82,83,
2024.6.23 15:44,153,121,114,123,28,112,114,114,56,98,99,99,74,90,93,94,80,80,84,86,
2024.6.23 15:44,151,123,115,122,33,112,110,108,57,97,98,96,74,91,93,93,78,77,78,80,
2024.6.23 15:45,150,122,115,124,26,108,108,106,61,95,97,95,76,88,91,92,82,75,78,80,
2024.6.23 15:45,152,125,120,131,24,109,108,107,61,97,99,98,74,88,91,92,82,75,78,81,
2024.6.23 15:45,153,126,123,131,21,110,110,110,60,98,101,100,73,88,92,94,82,77,81,85,
2024.6.23 15:45,155,128,125,132,20,111,112,111,59,99,101,101,72,89,93,95,80,77,82,86,
2024.6.23 15:45,159,128,126,134,21,112,112,113,58,99,102,102,72,89,93,96,80,77,82,87,
2024.6.23 15:45,160,128,125,134,19,113,113,113,57,100,104,104,70,90,94,97,80,78,85,89,
2024.6.23 15:45,156,127,123,132,24,113,113,112,57,99,102,101,71,89,93,94,81,78,83,85,
2024.6.23 15:45,154,126,122,129,26,113,110,109,58,97,98,96,75,90,93,94,80,77,81,83,
2024.6.23 15:45,152,125,120,128,26,112,109,108,59,98,98,96,74,89,91,91,82,74,78,81,
2024.6.23 15:45,149,123,116,128,25,107,105,103,64,94,95,94,77,86,88,90,84,72,75,79,
2024.6.23 15:45,147,121,110,121,27,103,100,98,67,93,91,91,79,85,85,88,85,70,78,81,
2024.6.23 15:45,140,117,104,112,39,100,101,99,69,89,91,90,82,81,82,85,89,68,71,76,
2024.6.23 15:45,135,118,108,114,36,103,103,102,67,90,91,91,82,82,84,86,89,71,72,75,
2024.6.23 15:45,134,115,109,114,36,99,97,95,72,86,87,86,85,79,79,81,92,68,69,70,
2024.6.23 15:45,132,113,107,114,38,97,96,94,74,86,86,85,86,78,78,79,93,66,66,69,
2024.6.23 15:45,130,110,102,113,38,94,94,93,76,83,85,84,88,75,76,78,95,64,65,67,
2024.6.23 15:45,128,109,98,107,41,93,91,89,77,81,81,80,91,73,74,76,97,62,61,64,
2024.6.23 15:45,125,105,94,102,42,90,88,86,81,77,78,77,94,69,71,72,100,57,58,60,
2024.6.23 15:45,122,103,92,99,43,87,86,84,83,75,75,74,96,67,70,71,102,55,55,57,
2024.6.23 15:45,122,103,91,98,44,85,85,83,83,73,75,74,97,65,68,70,104,54,55,58,
2024.6.23 15:45,125,107,95,105,37,88,88,86,81,76,76,75,95,68,70,71,101,57,57,59,
2024.6.23 15:45,129,109,97,108,35,90,90,88,79,78,78,76,93,70,72,73,100,57,59,60,
2024.6.23 15:45,132,115,106,118,29,95,94,92,75,82,83,82,89,74,76,78,95,61,62,64,
2024.6.23 15:45,139,121,113,123,29,99,98,97,70,88,89,87,83,79,81,82,90,67,66,68,
2024.6.23 15:45,148,126,124,133,23,105,104,103,65,93,93,91,79,85,87,88,85,72,72,75,
2024.6.23 15:45,152,128,127,135,20,109,107,107,62,96,97,95,76,88,90,92,82,76,77,81,
2024.6.23 15:45,157,130,128,133,20,111,109,109,60,97,98,97,75,91,93,94,80,78,80,82,
2024.6.23 15:45,160,133,129,136,22,113,109,108,59,100,99,98,72,90,94,96,78,79,83,86,
2024.6.23 15:45,165,137,134,141,23,115,114,112,55,103,103,101,69,96,97,98,75,83,88,90,
2024.6.23 15:45,169,137,134,143,24,117,119,117,52,105,108,105,66,97,100,100,74,84,89,92,
2024.6.23 15:45,167,141,139,148,21,121,122,120,50,109,111,108,63,103,105,103,69,91,96,96,
2024.6.23 15:45,170,141,139,152,31,123,122,120,48,109,110,108,63,103,104,103,69,92,97,97,
2024.6.23 15:45,176,141,138,147,38,123,120,117,48,110,109,106,63,103,103,101,69,91,93,93,
2024.6.23 15:45,174,141,139,149,40,124,120,118,46,112,110,106,62,105,104,100,68,94,94,93,
2024.6.23 15:45,172,140,138,148,40,123,120,118,46,111,110,106,62,105,104,102,67,93,94,94,
2024.6.23 15:45,173,138,133,145,35,119,118,116,49,109,108,106,63,101,103,101,70,90,92,93,
2024.6.23 15:45,168,133,128,139,33,116,115,113,53,105,104,102,68,98,100,100,72,86,90,91,
2024.6.23 15:45,161,131,126,135,32,114,112,110,55,102,101,99,70,96,96,95,75,83,85,86,
2024.6.23 15:45,158,127,124,134,26,112,111,109,58,99,100,98,73,91,93,93,80,80,81,82,
2024.6.23 15:45,147,124,119,130,31,107,105,103,63,94,93,93,77,87,88,90,82,76,79,81,
2024.6.23 15:45,143,120,113,119,32,104,104,102,64,93,94,93,78,87,88,90,82,77,77,79,
2024.6.23 15:45,151,121,115,132,22,107,105,103,63,94,94,92,79,88,89,88,83,74,76,77,
2024.6.23 15:45,157,127,122,133,24,109,108,107,61,96,98,97,75,89,92,92,82,76,80,83,
2024.6.23 15:45,162,130,125,135,26,113,112,110,58,100,101,99,72,91,94,94,79,82,88,90,
2024.6.23 15:45,159,135,131,142,32,119,116,115,51,103,104,103,67,95,98,99,74,84,87,89,
2024.6.23 15:45,160,150,149,153,47,136,137,137,30,119,121,120,51,108,111,113,61,94,96,99,
2024.6.23 15:45,144,164,172,171,60,156,149,143,16,136,132,125,38,125,122,114,48,109,112,107,
2024.6.23 15:45,155,153,156,160,50,142,140,138,25,126,126,123,45,116,116,114,55,100,103,102,
2024.6.23 15:45,160,150,149,153,42,137,135,133,31,121,121,119,50,111,111,111,60,95,97,98,
2024.6.23 15:45,161,148,147,148,40,134,132,130,34,117,117,114,54,109,111,109,61,92,94,95,
2024.6.23 15:45,172,139,134,139,21,117,116,115,51,107,108,107,64,98,101,102,72,84,87,89,
2024.6.23 15:45,148,124,126,124,43,108,108,108,61,98,100,98,73,90,93,93,81,74,76,78,
2024.6.23 15:45,138,110,107,113,38,100,101,102,69,89,91,90,83,78,79,79,93,64,65,66,
2024.6.23 15:45,129,103,98,108,42,92,92,91,79,77,79,77,94,70,72,72,101,58,59,59,
2024.6.23 15:45,117,94,85,95,52,87,88,88,83,73,75,74,98,64,67,68,106,52,57,60,
2024.6.23 15:45,107,82,76,87,62,71,72,71,100,57,60,59,114,47,53,53,122,38,43,45,
2024.6.23 15:45,102,79,71,81,70,64,63,60,108,52,54,52,120,44,47,47,126,34,36,37,
2024.6.23 15:45,106,82,77,86,66,69,69,68,103,56,60,58,116,48,52,52,123,37,39,41,
2024.6.23 15:45,111,86,81,91,60,73,74,73,99,60,65,63,111,52,57,58,118,41,44,47,
2024.6.23 15:46,120,94,89,98,51,81,82,81,90,70,73,72,102,62,65,65,109,50,54,56,
2024.6.23 15:46,131,101,96,104,45,90,90,89,81,77,80,79,94,70,74,74,101,57,62,65,
2024.6.23 15:46,141,110,103,111,39,97,98,97,73,86,87,86,86,78,81,82,93,66,73,76,
2024.6.23 15:46,150,118,113,122,36,106,105,105,64,93,94,92,79,86,89,89,85,75,80,83,
2024.6.23 15:46,158,125,120,128,37,111,111,112,57,100,100,99,72,95,97,98,76,83,86,88,
2024.6.23 15:46,161,132,130,136,37,119,117,117,49,104,102,100,69,99,98,99,73,89,91,92,
2024.6.23 15:46,161,137,137,141,43,127,124,126,40,109,106,105,63,103,103,105,67,91,93,96,
2024.6.23 15:46,169,144,140,145,43,132,133,133,32,119,118,118,51,106,106,107,64,94,98,101,
2024.6.23 15:46,159,153,146,149,49,144,140,139,23,128,125,123,42,115,115,116,53,101,104,107,
2024.6.23 15:46,158,164,154,160,47,147,139,138,19,130,124,125,40,122,119,120,46,110,113,115,
2024.6.23 15:46,149,165,164,168,51,159,157,155,7,139,137,134,32,126,127,125,44,112,119,118,
2024.6.23 15:46,152,162,160,167,49,154,157,155,8,136,136,133,34,121,124,122,48,112,118,117,
2024.6.23 15:46,153,148,152,164,40,142,146,145,26,126,127,124,47,116,118,116,57,108,112,110,
2024.6.23 15:46,174,138,135,144,35,126,132,132,40,113,120,119,55,102,110,109,66,93,98,96,
2024.6.23 15:46,146,121,122,135,7,113,118,117,56,100,105,103,72,91,95,92,82,80,87,86,
2024.6.23 15:46,160,121,126,133,29,112,121,122,55,100,109,108,69,95,102,100,76,85,89,86,
2024.6.23 15:46,175,130,134,133,40,121,126,125,46,107,114,112,63,100,105,103,72,90,92,90,
2024.6.23 15:46,158,129,136,140,32,126,128,127,44,109,111,107,65,101,103,98,73,89,93,88,
2024.6.23 15:46,152,126,131,132,28,122,130,132,43,105,107,105,68,94,97,96,79,85,87,87,
2024.6.23 15:46,143,126,126,128,21,121,125,123,48,103,104,101,71,94,95,92,80,86,86,84,
2024.6.23 15:46,146,122,127,128,20,121,123,123,48,104,107,106,68,97,100,98,76,82,87,85,
2024.6.23 15:46,153,122,123,130,19,121,122,121,48,104,104,103,69,94,98,96,77,83,90,88,
2024.6.23 15:46,164,125,117,126,36,116,117,116,51,101,102,101,70,95,97,96,76,80,82,85,
2024.6.23 15:46,146,119,108,116,46,103,104,104,63,92,95,95,78,82,85,88,87,69,73,78,
2024.6.23 15:46,137,107,97,105,40,96,98,97,72,83,84,84,89,75,80,81,94,61,68,72,
2024.6.23 15:46,129,104,102,105,46,93,95,95,76,79,81,80,93,72,75,76,99,60,61,64,
2024.6.23 15:46,120,99,93,101,47,88,89,87,82,75,76,74,97,66,69,70,104,54,55,57,
2024.6.23 15:46,118,96,91,97,49,85,86,85,85,70,72,70,102,63,67,67,107,51,51,52,
2024.6.23 15:46,124,101,97,103,40,88,91,91,82,75,78,77,96,68,72,73,102,55,57,59,
2024.6.23 15:46,137,110,107,114,29,96,96,95,76,86,88,87,87,78,81,81,93,67,73,75,
2024.6.23 15:46,144,116,117,128,10,104,107,106,68,94,96,94,80,89,90,89,85,77,83,83,
2024.6.23 15:46,161,133,126,135,34,123,120,120,45,103,102,100,69,96,99,100,73,83,87,89,
2024.6.23 15:46,162,124,127,132,31,117,117,117,51,100,102,99,73,94,98,96,76,82,85,85,
2024.6.23 15:46,150,120,122,132,15,109,112,112,61,97,98,96,77,91,93,92,82,81,86,86,
2024.6.23 15:46,142,119,118,130,5,106,110,109,65,96,99,97,78,90,93,91,84,80,88,87,
2024.6.23 15:46,143,119,118,130,6,105,109,108,66,95,98,96,79,90,92,91,84,80,87,86,
2024.6.23 15:46,141,118,117,131,5,104,108,106,68,95,97,96,79,90,92,91,84,80,88,88,
2024.6.23 15:46,134,120,120,124,24,100,105,105,72,92,97,96,81,90,95,94,83,83,97,96,
2024.6.23 15:46,131,123,122,119,25,97,103,102,76,93,97,96,81,90,95,93,83,87,99,96,
2024.6.23 15:46,130,121,117,117,27,95,99,98,78,93,95,94,81,90,93,92,83,88,96,95,
2024.6.23 15:46,145,121,119,132,5,107,110,110,65,96,99,99,77,92,96,95,81,83,93,93,
2024.6.23 15:46,148,125,121,126,39,111,111,110,57,99,100,100,72,91,93,95,79,76,78,82,
2024.6.23 15:46,150,128,124,120,47,116,113,111,53,103,101,101,69,96,95,96,76,81,82,85,
2024.6.23 15:46,172,145,140,146,43,135,132,130,32,119,119,117,52,110,112,111,59,99,100,101,
2024.6.23 15:46,151,159,160,168,53,150,150,149,15,133,134,131,36,123,127,124,45,112,119,117,
2024.6.23 15:46,140,170,173,167,59,166,162,160,7,145,142,139,24,136,136,133,31,122,131,128,
2024.6.23 15:46,131,167,172,160,63,172,175,171,19,155,153,148,16,146,144,138,22,131,137,132,
2024.6.23 15:46,127,162,168,162,64,160,170,174,28,149,155,150,19,142,144,135,25,130,136,132,
2024.6.23 15:46,125,158,163,152,71,168,168,167,26,164,157,152,2,149,146,143,14,132,136,136,
2024.6.23 15:46,123,157,160,146,75,166,162,164,28,164,156,152,4,150,149,145,13,136,138,137,
2024.6.23 15:46,123,161,163,150,72,167,176,175,25,159,160,153,15,145,148,140,25,131,137,131,
2024.6.23 15:46,125,164,163,148,73,177,175,171,18,160,159,153,13,146,148,144,23,131,138,136,
2024.6.23 15:46,134,172,164,151,69,166,163,161,9,150,149,145,18,140,141,138,28,124,128,127,
2024.6.23 15:46,140,171,161,154,59,157,156,156,7,141,143,141,26,129,133,134,38,115,124,125,
2024.6.23 15:46,143,167,158,152,55,152,151,151,13,136,139,138,31,127,131,133,39,110,119,121,
2024.6.23 15:46,153,159,152,148,48,142,142,143,23,127,130,130,40,118,123,126,48,101,109,112,
2024.6.23 15:46,161,143,137,140,35,126,125,127,41,112,114,115,57,104,106,109,65,87,91,93,
2024.6.23 15:46,148,127,118,126,30,111,109,109,58,97,98,97,73,88,92,93,80,75,77,78,
2024.6.23 15:46,138,117,106,117,33,103,101,100,67,90,90,90,81,82,85,87,87,69,71,73,
2024.6.23 15:47,132,106,97,109,39,94,94,93,75,82,82,80,91,74,77,77,96,60,61,63,
2024.6.23 15:47,121,98,92,99,47,85,86,84,86,72,74,73,100,64,66,66,107,54,57,58,
2024.6.23 15:47,121,98,96,102,43,86,86,84,87,73,75,73,100,66,69,69,106,56,59,62,
2024.6.23 15:47,128,100,96,101,47,86,89,89,85,76,79,78,97,69,72,73,103,60,65,68,
2024.6.23 15:47,144,113,108,119,34,102,99,98,69,87,87,86,85,81,84,85,89,68,75,78,
2024.6.23 15:47,152,119,118,125,26,110,109,109,60,93,95,93,79,87,92,91,84,76,81,81,
2024.6.23 15:47,149,119,118,122,25,108,109,108,63,93,94,91,81,87,90,89,85,78,84,84,
2024.6.23 15:47,149,122,121,125,23,106,112,113,63,93,98,96,79,87,91,91,85,79,84,85,
2024.6.23 15:47,168,127,127,134,43,115,120,121,52,101,108,106,69,97,104,102,73,90,93,90,
2024.6.23 15:47,166,132,134,137,41,122,124,124,47,105,109,106,67,100,106,101,73,93,97,92,
2024.6.23 15:47,137,125,127,139,29,111,114,112,63,103,105,102,73,101,102,99,76,97,102,99,
2024.6.23 15:47,177,131,133,136,42,122,126,127,45,106,111,109,65,98,105,102,73,91,95,92,
2024.6.23 15:47,154,163,163,163,53,162,161,158,0,131,132,128,37,119,122,119,47,104,108,107,
2024.6.23 15:47,129,157,162,145,65,155,166,175,33,148,155,153,18,140,144,141,22,130,135,134,
2024.6.23 15:47,106,130,136,132,74,125,134,145,60,130,148,151,47,136,146,155,44,135,142,150,
2024.6.23 15:47,119,146,158,144,71,154,160,168,38,151,170,169,19,147,162,165,17,136,145,149,
2024.6.23 15:47,129,162,172,164,68,162,174,174,21,144,156,155,16,135,143,145,24,125,132,136,
2024.6.23 15:47,136,161,153,152,75,164,160,156,8,140,141,136,24,133,134,132,31,118,123,124,
2024.6.23 15:47,155,160,155,151,61,139,131,128,29,124,121,118,47,114,113,113,55,102,105,107,
2024.6.23 15:47,162,128,122,131,40,117,114,113,53,103,102,102,69,96,98,99,74,86,90,93,
2024.6.23 15:47,144,114,110,121,32,103,104,105,66,93,95,95,79,88,90,91,83,74,78,81,
2024.6.23 15:47,131,103,100,111,37,94,96,95,76,83,84,83,90,75,78,79,96,65,70,73,
2024.6.23 15:47,124,97,96,108,42,89,90,89,83,76,79,78,96,69,73,73,102,56,61,64,
2024.6.23 15:47,149,121,123,130,32,111,108,107,60,96,95,94,77,89,90,92,82,75,77,80,
2024.6.23 15:47,150,134,132,136,41,121,117,117,49,105,103,102,67,97,98,100,72,82,84,87,
2024.6.23 15:47,162,136,137,142,39,124,120,119,45,107,107,105,64,100,103,105,69,86,89,93,
2024.6.23 15:47,164,138,138,143,39,127,122,122,42,109,109,107,62,99,102,103,70,87,90,92,
2024.6.23 15:47,170,139,141,143,37,125,123,123,43,108,110,109,62,100,102,103,71,86,91,93,
2024.6.23 15:47,178,139,142,144,36,125,123,122,44,109,112,108,62,101,102,101,71,87,91,92,
2024.6.23 15:47,168,139,145,149,35,123,125,124,46,109,112,109,64,102,104,102,71,88,95,94,
2024.6.23 15:47,169,137,145,151,39,126,126,125,44,110,112,108,64,102,105,102,71,90,94,91,
2024.6.23 15:47,173,136,139,145,37,122,123,122,46,108,110,107,64,100,103,101,71,89,91,91,
2024.6.23 15:47,166,131,133,137,31,118,118,116,51,105,104,101,69,97,98,97,75,85,89,89,
2024.6.23 15:47,159,130,121,128,41,111,112,110,56,100,101,98,71,94,96,96,76,81,83,85,
2024.6.23 15:47,145,128,124,127,37,112,111,110,57,100,99,97,73,90,91,92,80,77,80,83,
2024.6.23 15:47,142,122,120,125,36,109,107,106,61,95,95,94,77,87,88,90,83,72,73,76,
2024.6.23 15:47,142,122,117,123,31,106,105,105,63,93,94,93,78,84,87,89,85,69,71,74,
2024.6.23 15:47,139,121,116,124,31,103,101,99,67,90,91,89,81,81,83,84,89,65,66,69,
2024.6.23 15:47,136,118,113,122,28,100,99,99,70,87,89,87,84,78,80,81,92,63,62,63,
2024.6.23 15:47,136,117,111,123,28,100,98,98,70,87,87,85,85,76,78,78,94,62,62,63,
2024.6.23 15:47,138,120,111,116,32,104,102,101,66,89,91,89,82,80,82,83,90,66,68,70,
2024.6.23 15:47,140,120,119,124,34,106,107,107,64,93,92,91,80,84,86,86,87,70,72,73,
2024.6.23 15:47,164,129,130,135,30,116,114,113,55,100,101,99,73,93,96,96,78,81,86,87,
2024.6.23 15:47,158,137,136,144,36,120,123,124,49,108,112,111,63,98,103,103,72,86,90,91,
2024.6.23 15:47,168,137,140,145,36,123,127,128,44,111,116,114,60,102,106,106,69,88,94,94,
2024.6.23 15:47,169,137,140,148,35,122,123,123,47,107,110,108,65,101,105,102,71,92,96,95,
2024.6.23 15:47,169,131,130,142,30,118,119,118,51,105,107,105,67,97,102,100,74,84,90,90,
2024.6.23 15:47,146,123,123,129,30,110,111,113,58,96,98,97,76,87,91,93,83,73,76,80,
2024.6.23 15:54,163,133,125,130,7,131,168,154,14,134,162,152,17,137,161,152,21,138,162,164,
2024.6.23 15:54,151,131,127,134,36,119,115,115,51,104,101,101,69,98,97,100,72,86,89,92,
2024.6.23 15:54,142,120,112,116,36,109,108,108,60,95,94,94,77,88,89,92,82,76,79,82,
2024.6.23 15:54,134,115,104,109,38,102,103,103,65,87,90,90,82,80,84,87,88,69,74,77,
2024.6.23 15:54,136,118,104,102,43,102,103,102,65,90,92,92,80,83,86,87,86,72,75,77,
2024.6.23 15:54,141,123,110,104,38,108,111,110,58,95,98,98,74,87,92,95,81,77,82,86,
2024.6.23 15:54,143,128,123,116,47,116,118,119,50,103,105,107,66,95,98,102,74,84,89,94,
2024.6.23 15:54,165,135,125,129,38,126,128,128,39,110,113,114,59,100,107,110,66,89,96,101,
2024.6.23 15:54,163,132,125,128,33,123,130,130,40,110,115,117,58,99,106,111,68,88,97,103,
2024.6.23 15:54,158,126,113,119,39,115,122,124,48,103,109,111,64,95,102,106,71,84,92,97,
2024.6.23 15:54,132,114,104,107,41,104,105,104,65,92,94,95,78,83,87,91,85,71,77,82,
2024.6.23 15:54,132,111,103,111,36,101,101,100,68,88,90,91,82,79,83,86,89,68,72,76,
2024.6.23 15:54,131,109,101,111,38,98,99,98,71,86,87,87,85,77,81,84,91,66,70,74,
2024.6.23 15:54,130,109,101,111,38,96,98,99,71,83,86,86,87,75,80,83,92,66,72,75,
2024.6.23 15:54,129,109,100,99,40,95,105,111,67,81,93,98,82,73,84,90,91,66,78,84,
2024.6.23 15:54,133,111,102,110,33,99,105,108,66,85,92,94,82,76,85,90,89,66,79,84,
2024.6.23 15:54,134,108,108,116,26,101,108,112,65,88,94,97,81,79,88,93,88,69,82,86,
2024.6.23 15:54,133,111,108,122,31,101,103,102,67,86,88,88,84,78,83,86,90,65,69,73,
2024.6.23 15:54,133,112,110,119,28,100,106,108,66,86,91,92,83,78,85,89,89,67,75,80,
2024.6.23 15:54,139,114,116,127,21,103,111,115,63,90,99,103,77,81,93,98,84,69,86,92,
2024.6.23 15:54,144,116,119,130,15,104,119,127,57,93,107,113,72,84,101,107,80,74,93,101,
2024.6.23 15:54,144,118,118,130,7,107,118,122,58,98,109,112,70,88,101,106,78,78,94,99,
2024.6.23 15:54,144,114,112,125,24,108,110,110,62,94,95,95,78,86,90,92,85,74,80,83,
2024.6.23 15:54,151,127,124,135,32,116,114,112,52,102,99,99,70,93,94,96,76,80,82,85,
2024.6.23 15:54,146,118,115,130,31,110,112,111,58,98,99,98,73,87,90,91,82,75,78,81,
2024.6.23 15:54,121,95,92,99,47,87,90,90,83,76,79,77,97,70,75,74,101,57,60,61,
2024.6.23 15:54,129,102,105,114,31,99,103,103,71,86,88,86,88,77,81,81,95,65,70,70,
2024.6.23 15:54,127,107,106,112,44,97,102,102,70,86,87,87,86,79,80,83,92,65,66,71,
2024.6.23 15:54,136,114,109,119,31,104,104,105,65,91,92,93,80,82,85,87,88,69,73,76,
2024.6.23 15:54,143,111,113,121,23,103,103,104,68,89,93,93,82,80,86,87,89,68,76,78,
2024.6.23 15:54,141,115,111,121,29,104,103,102,67,91,93,92,80,81,85,87,88,70,77,80,
2024.6.23 15:54,132,113,103,111,37,100,100,98,69,89,89,89,82,82,84,86,88,72,74,77,
2024.6.23 15:54,128,110,98,106,45,98,97,95,71,88,87,87,84,80,81,83,90,70,73,76,
2024.6.23 15:54,125,108,95,101,47,94,93,91,75,85,84,83,87,78,78,79,92,67,69,71,
2024.6.23 15:54,129,112,99,103,45,99,97,96,70,90,88,88,82,83,83,86,87,73,75,79,
2024.6.23 15:54,132,114,102,107,42,102,102,101,66,92,91,92,79,84,85,87,86,74,77,81,
2024.6.23 15:54,136,116,105,113,43,104,103,102,65,95,98,98,73,88,90,92,80,75,78,82,
2024.6.23 15:54,137,120,113,119,40,108,108,107,61,99,97,98,73,91,92,97,78,81,86,93,
2024.6.23 15:54,145,124,116,125,36,113,110,109,57,101,99,99,71,95,95,96,76,85,86,88,
2024.6.23 15:54,158,129,117,129,33,117,120,120,49,105,106,107,66,95,99,102,74,87,92,96,
2024.6.23 15:54,160,133,123,138,30,122,125,123,44,111,111,111,60,102,103,106,67,91,95,100,
2024.6.23 15:54,151,124,120,130,27,115,117,117,52,102,104,103,69,91,94,96,78,82,86,90,
2024.6.23 15:54,150,120,118,129,24,110,112,112,58,99,101,102,72,88,91,94,82,79,83,88,
2024.6.23 15:54,151,120,119,128,20,110,111,110,60,99,100,100,73,89,90,92,83,76,83,85,
2024.6.23 15:54,152,120,123,130,19,112,113,113,59,99,101,101,73,89,91,93,83,77,84,88,
2024.6.23 15:54,154,123,124,134,22,113,113,113,57,100,103,103,71,90,93,94,81,77,83,85,
2024.6.23 15:55,156,128,127,136,23,114,114,114,56,100,104,104,70,90,95,97,79,76,82,85,
2024.6.23 15:55,145,123,118,129,31,109,108,108,61,96,97,96,75,86,89,90,83,72,77,79,
2024.6.23 15:55,135,118,108,116,35,102,100,99,68,88,89,87,83,80,83,84,89,68,71,73,
2024.6.23 15:55,121,108,97,96,50,94,93,91,77,82,81,79,91,74,76,76,97,64,66,66,
2024.6.23 15:55,119,106,93,91,51,90,88,86,81,78,77,76,94,71,72,72,100,61,61,61,
2024.6.23 15:55,127,111,99,103,42,97,95,95,72,87,86,87,85,80,80,82,90,70,71,73,
2024.6.23 15:55,122,106,94,95,49,95,96,96,73,83,85,85,87,77,79,82,92,66,69,73,
2024.6.23 15:55,128,109,97,96,50,97,95,93,73,87,87,87,84,81,84,86,87,71,75,80,
2024.6.23 15:55,135,118,110,120,33,103,103,101,65,92,91,91,79,85,86,88,85,74,75,79,
2024.6.23 15:55,140,120,116,127,28,106,106,105,63,95,94,94,77,88,89,91,82,78,79,81,
2024.6.23 15:55,143,126,120,126,34,109,107,106,60,100,100,99,71,94,96,97,75,83,85,88,
2024.6.23 15:55,145,126,114,123,38,109,107,105,60,99,97,96,72,94,93,95,75,83,84,87,
2024.6.23 15:55,149,128,120,127,32,113,111,109,56,101,100,100,70,93,94,96,76,83,85,88,
2024.6.23 15:55,155,130,123,134,28,116,117,114,51,106,105,104,65,97,97,99,72,84,88,91,
2024.6.23 15:55,159,132,129,139,29,121,123,122,45,108,109,109,62,97,99,102,72,86,90,93,
2024.6.23 15:55,162,134,131,141,30,122,122,120,45,108,109,108,63,98,101,103,71,85,88,91,
2024.6.23 15:55,170,135,135,147,29,123,124,123,45,110,112,110,61,99,102,103,71,87,91,94,
2024.6.23 15:55,174,136,137,146,28,125,126,125,43,111,113,112,60,101,103,105,70,87,93,97,
2024.6.23 15:55,172,140,140,148,29,125,127,127,43,111,115,114,59,101,104,105,69,88,93,96,
2024.6.23 15:55,159,132,132,141,24,118,119,118,51,104,107,106,66,95,100,100,74,78,84,87,
2024.6.23 15:55,157,135,133,140,30,118,118,117,51,104,106,105,66,95,98,99,74,80,82,85,
2024.6.23 15:55,146,126,121,130,31,111,109,109,59,97,97,96,74,88,90,91,82,75,79,81,
2024.6.23 15:55,136,119,108,116,34,103,101,100,66,89,89,88,82,82,84,85,87,70,71,74,
2024.6.23 15:55,124,111,99,103,43,95,94,92,74,84,83,82,88,78,79,79,93,67,67,68,
2024.6.23 15:55,124,110,97,104,43,92,90,88,77,82,81,81,89,76,78,79,93,67,69,71,
2024.6.23 15:55,129,114,105,113,35,95,93,91,74,84,84,83,87,79,81,81,91,69,70,70,
2024.6.23 15:55,130,110,102,114,35,97,96,94,72,84,85,85,87,78,81,82,91,67,69,71,
2024.6.23 15:55,129,111,98,101,46,94,95,94,73,85,87,88,84,80,84,87,87,72,79,84,
2024.6.23 15:55,122,103,90,92,52,89,85,83,81,78,77,77,93,72,74,75,97,65,70,72,
2024.6.23 15:55,102,72,46,36,85,64,117,129,79,66,117,131,83,66,116,135,89,72,108,132,
2024.6.23 15:55,129,112,99,93,51,97,96,94,71,87,87,88,83,81,84,87,86,73,79,84,
2024.6.23 15:55,130,113,98,94,54,97,93,91,73,86,85,86,84,81,83,86,87,73,77,82,
2024.6.23 15:55,128,112,96,91,56,95,92,90,74,85,84,85,85,81,82,84,88,73,78,82,
2024.6.23 15:55,127,110,96,87,60,94,91,89,75,84,82,82,87,80,81,82,89,73,79,81,
2024.6.23 15:55,119,102,89,84,58,88,87,85,80,77,78,78,92,70,73,75,98,64,71,75,
2024.6.23 15:55,122,108,93,84,58,90,88,85,79,80,79,78,90,75,76,77,94,68,74,77,
2024.6.23 15:55,127,111,102,110,43,95,93,90,74,84,83,83,87,80,80,82,89,72,75,77,
2024.6.23 15:55,124,107,101,109,41,92,88,85,78,80,78,77,92,77,77,77,94,70,73,74,
2024.6.23 15:55,129,116,107,113,37,101,98,96,68,88,85,85,84,83,82,83,87,73,78,79,
2024.6.23 15:55,139,120,110,120,32,106,104,103,63,91,91,91,79,84,87,90,84,74,79,82,
2024.6.23 15:55,146,121,113,128,26,105,105,105,63,91,92,92,79,83,88,89,84,74,79,80,
2024.6.23 15:55,147,120,118,129,23,107,108,109,62,93,97,97,76,85,93,95,82,73,83,86,
2024.6.23 15:55,156,129,124,136,25,114,115,116,54,101,103,103,69,93,97,100,75,82,87,91,
2024.6.23 15:55,159,128,127,138,20,114,118,119,54,100,106,106,69,92,99,101,77,81,89,93,
2024.6.23 15:55,160,127,127,137,25,116,118,117,53,103,106,105,68,95,98,99,76,84,91,94,
2024.6.23 15:55,163,130,125,135,30,116,119,119,50,105,107,107,66,97,100,101,73,88,92,95,
2024.6.23 15:55,159,129,123,132,30,116,119,119,49,103,107,107,66,95,100,102,74,86,91,95,
2024.6.23 15:55,144,117,111,118,33,107,110,110,60,95,97,98,76,88,92,95,81,79,87,91,
2024.6.23 15:55,134,115,107,110,42,100,103,101,67,90,92,92,80,84,87,90,85,76,80,84,
2024.6.23 15:55,130,110,100,106,46,102,102,102,68,88,88,90,83,80,83,87,89,72,77,82,
2024.6.23 15:55,126,103,93,104,48,96,99,99,72,85,85,86,87,77,80,83,92,68,73,78,
2024.6.23 15:55,116,96,85,93,56,84,85,83,85,72,73,72,98,65,70,71,103,56,61,63,
2024.6.23 15:55,114,96,80,83,60,84,83,80,86,73,72,71,99,66,67,68,104,56,60,63,
2024.6.23 15:55,120,102,87,91,56,89,88,87,80,79,79,79,92,73,75,77,96,63,67,71,
2024.6.23 15:55,124,107,93,95,54,94,93,92,75,84,84,85,86,79,81,83,90,70,73,77,
2024.6.23 15:55,130,116,101,96,58,100,99,97,69,90,90,90,80,87,88,89,83,78,81,85,
2024.6.23 15:55,126,113,99,100,49,98,95,92,72,88,86,85,84,83,82,82,89,73,75,76,
2024.6.23 15:55,126,108,94,99,47,95,95,93,74,85,85,84,87,77,79,80,93,67,69,72,
2024.6.23 15:55,123,102,95,103,43,94,94,94,77,83,84,85,89,72,76,78,98,63,70,73,
2024.6.23 15:56,113,93,90,103,49,86,92,92,85,78,82,82,95,70,76,78,101,64,74,76,
2024.6.23 15:56,113,92,91,100,58,85,91,92,87,80,84,84,94,73,79,79,99,66,79,78,
2024.6.23 15:56,111,89,87,99,62,83,88,89,89,77,81,82,96,68,75,77,103,60,72,76,
2024.6.23 15:56,115,94,94,105,52,87,91,91,85,78,83,84,94,67,74,76,103,58,68,70,
2024.6.23 15:56,117,95,97,108,53,90,93,94,83,81,87,88,91,71,78,80,100,63,70,73,
2024.6.23 15:56,118,102,102,111,58,94,97,99,81,90,96,97,84,87,93,92,87,81,88,87,
2024.6.23 15:56,110,92,92,102,56,85,90,91,86,76,80,80,96,66,71,73,105,56,64,67,
2024.6.23 15:56,110,91,87,97,56,84,85,85,87,71,75,76,100,59,64,68,110,49,59,63,
2024.6.23 15:56,105,86,85,95,64,79,84,85,93,73,77,77,100,63,71,73,107,54,68,71,
2024.6.23 15:56,110,92,94,103,54,88,91,93,86,83,86,87,91,78,83,83,96,70,80,78,
2024.6.23 15:56,116,98,97,106,37,91,96,97,80,84,89,90,89,76,83,86,95,69,81,82,
2024.6.23 15:56,122,102,101,113,25,95,101,103,74,86,90,91,86,79,85,87,92,73,83,84,
2024.6.23 15:56,122,104,102,113,25,95,103,105,74,87,93,94,84,80,86,89,91,74,83,85,
2024.6.23 15:56,118,99,101,109,40,94,99,101,78,88,92,93,86,81,88,87,93,74,86,83,
2024.6.23 15:56,117,100,102,111,47,94,96,95,82,91,94,93,84,88,93,92,87,87,93,90,
2024.6.23 15:56,113,103,103,109,51,95,99,100,81,97,98,99,82,96,96,96,85,97,101,101,
2024.6.23 15:56,132,110,108,116,28,100,106,107,69,90,96,97,80,81,87,90,89,75,83,87,
2024.6.23 15:56,141,116,105,116,48,113,113,113,54,99,99,99,71,94,96,99,74,83,90,94,
2024.6.23 15:56,128,110,92,97,83,107,105,104,63,99,97,98,72,96,97,99,72,88,89,93,
2024.6.23 15:56,127,104,91,98,57,96,96,94,73,85,86,86,85,78,81,83,90,67,73,77,
2024.6.23 15:56,124,102,90,97,56,94,95,93,75,83,83,84,88,75,79,81,93,64,71,76,
2024.6.23 15:56,127,109,95,94,66,98,97,96,71,89,88,90,81,85,87,89,83,78,81,85,
2024.6.23 15:56,126,109,94,91,70,99,97,96,70,89,88,90,82,86,86,89,84,79,82,86,
2024.6.23 15:56,127,113,97,89,69,96,90,86,73,85,82,82,86,83,82,82,87,77,79,80,
2024.6.23 15:56,132,113,99,92,62,102,96,94,68,90,88,89,80,85,85,86,84,79,82,84,
2024.6.23 15:56,132,114,98,91,64,99,96,93,70,90,89,89,80,85,86,88,84,76,81,85,
2024.6.23 15:56,130,112,98,91,61,99,97,96,69,89,89,91,80,84,86,89,84,76,82,86,
2024.6.23 15:56,127,110,95,81,69,95,93,90,74,85,85,86,84,81,85,87,86,73,79,83,
2024.6.23 15:56,120,105,91,71,76,91,89,87,78,81,82,83,88,76,81,83,90,69,75,79,
2024.6.23 15:56,132,113,97,97,56,100,100,99,67,90,90,91,80,84,86,89,84,76,82,86,
2024.6.23 15:56,138,118,102,105,54,108,108,109,59,97,97,100,73,91,93,97,78,81,87,92,
2024.6.23 15:56,141,114,100,111,46,105,109,112,60,96,101,104,72,88,95,100,79,76,85,92,
2024.6.23 15:56,136,110,104,111,33,94,107,113,70,91,106,113,73,86,98,104,81,80,92,99,
2024.6.23 15:56,132,105,103,118,26,103,113,115,65,100,109,111,70,95,106,109,74,87,98,100,
2024.6.23 15:56,143,114,110,125,11,105,115,119,61,99,111,114,68,93,103,108,75,85,96,100,
2024.6.23 15:56,140,115,112,127,6,107,119,123,58,101,114,119,65,95,107,111,73,89,101,104,
2024.6.23 15:56,147,122,119,135,6,113,128,134,50,107,121,126,58,101,114,118,66,94,105,110,
2024.6.23 15:56,156,126,115,137,18,116,136,140,44,113,130,136,50,109,125,133,55,103,117,126,
2024.6.23 15:56,154,124,116,135,26,112,123,127,50,107,115,121,60,101,111,117,65,95,105,112,
2024.6.23 15:56,126,100,94,98,52,90,102,107,73,84,96,100,83,79,89,95,88,73,82,89,
2024.6.23 15:56,113,90,88,99,46,85,96,99,80,79,89,92,89,75,85,89,93,72,80,85,
2024.6.23 15:56,122,99,96,103,37,91,102,107,74,85,96,100,83,78,90,95,89,69,84,90,
2024.6.23 15:56,138,117,115,125,2,107,114,117,63,105,113,116,65,101,113,117,68,97,109,111,
2024.6.23 15:56,154,126,116,112,25,105,111,116,63,103,112,118,64,105,113,120,64,105,112,117,
2024.6.23 15:56,139,117,117,131,9,116,131,138,47,107,122,128,58,100,116,123,65,92,107,114,
2024.6.23 15:56,144,120,122,136,5,116,132,139,48,109,126,131,57,101,117,121,66,93,107,109,
2024.6.23 15:56,148,126,130,145,11,121,135,141,44,114,133,139,50,108,125,128,60,99,114,116,
2024.6.23 15:56,143,117,119,131,10,109,124,133,52,97,116,124,65,86,107,116,76,79,104,111,
2024.6.23 15:56,136,114,114,121,23,106,118,126,57,92,107,113,72,81,97,104,82,70,88,94,
2024.6.23 15:56,146,124,117,117,30,111,121,126,51,99,109,112,66,89,100,105,76,79,93,99,
2024.6.23 15:56,129,116,99,87,51,97,103,103,67,86,91,91,81,80,84,86,88,70,75,77,
2024.6.23 15:56,119,107,91,74,63,90,90,87,78,80,80,79,90,73,74,75,96,65,68,70,
2024.6.23 15:56,122,110,95,70,67,93,92,89,75,83,84,82,87,77,78,78,92,71,73,74,
2024.6.23 15:56,128,114,99,74,66,99,98,96,69,90,90,90,80,83,86,88,85,74,80,83,
2024.6.23 15:56,127,112,96,83,58,96,97,95,72,86,86,86,84,79,80,82,90,70,75,78,
2024.6.23 15:56,128,111,96,91,51,97,99,98,70,87,89,90,83,79,81,84,90,69,74,78,
2024.6.23 15:56,131,114,101,99,46,101,105,106,64,90,93,94,79,81,83,88,87,71,77,82,
2024.6.23 15:56,146,124,116,120,27,112,124,131,49,100,109,114,65,91,100,106,74,81,94,100,
2024.6.23 15:56,156,128,125,132,29,119,127,134,43,107,117,121,58,97,107,112,68,87,99,105,
2024.6.23 15:57,158,129,127,139,23,116,134,142,42,105,118,123,60,96,112,117,68,88,103,108,
2024.6.23 15:57,160,136,135,148,28,122,140,147,36,112,130,135,50,103,120,125,61,93,114,119,
2024.6.23 15:57,175,141,133,141,36,133,144,148,26,117,128,132,46,106,117,123,58,96,107,114,
2024.6.23 15:57,170,141,133,135,36,134,141,143,27,118,125,128,48,104,113,119,61,95,106,114,
2024.6.23 15:57,158,138,123,121,45,125,128,128,39,114,116,119,54,104,108,113,62,92,101,108,
2024.6.23 15:57,148,130,115,115,45,120,119,118,48,109,109,110,61,100,102,106,68,88,94,100,
2024.6.23 15:57,145,124,108,109,42,117,118,119,49,104,104,105,66,96,97,101,73,82,90,96,
2024.6.23 15:57,138,120,105,97,51,108,112,111,58,96,99,99,73,89,91,94,80,78,83,87,
2024.6.23 15:57,135,119,104,89,53,106,108,107,60,94,96,97,75,86,89,91,83,76,81,84,
2024.6.23 15:57,128,113,98,82,60,99,101,99,68,88,89,89,81,82,84,85,87,73,78,80,
2024.6.23 15:57,120,108,93,72,70,93,92,89,76,82,81,80,88,77,78,78,92,71,73,74,
2024.6.23 15:57,125,110,97,94,56,96,94,92,73,86,85,85,85,80,81,82,89,72,75,77,
2024.6.23 15:57,131,117,101,80,61,100,102,99,66,91,92,93,78,86,88,89,83,78,84,87,
2024.6.23 15:57,140,122,105,99,48,106,111,112,58,96,102,105,70,91,96,101,76,83,92,99,
2024.6.23 15:57,143,124,113,115,45,113,120,124,50,102,108,114,64,96,102,110,70,89,99,108,
2024.6.23 15:57,154,129,118,127,42,116,123,126,47,108,115,119,58,100,106,111,67,92,97,103,
2024.6.23 15:57,165,133,126,136,30,126,133,135,36,110,115,118,57,100,109,114,65,92,104,111,
2024.6.23 15:57,165,131,122,132,36,127,141,147,29,110,119,126,55,101,112,119,64,92,107,114,
2024.6.23 15:57,158,132,131,141,25,127,146,155,27,110,126,134,52,99,117,125,63,91,112,120,
2024.6.23 15:57,156,128,129,140,20,124,144,153,31,109,128,137,51,98,121,130,63,90,112,120,
2024.6.23 15:57,161,129,127,135,29,124,133,139,38,108,122,128,55,96,111,118,67,85,103,110,
2024.6.23 15:57,155,120,116,130,21,114,115,115,56,100,103,104,71,92,100,102,76,81,90,93,
2024.6.23 15:57,157,126,120,129,23,115,118,122,51,100,105,108,68,91,100,105,75,78,90,95,
2024.6.23 15:57,130,109,94,99,48,98,97,96,71,85,86,85,86,77,80,82,92,67,70,73,
2024.6.23 15:57,123,105,89,86,59,91,91,89,78,80,80,79,91,74,75,75,97,63,67,67,
2024.6.23 15:57,128,102,84,92,70,86,82,81,85,85,82,83,88,85,83,85,86,86,86,89,
2024.6.23 15:57,125,101,84,86,69,86,83,82,85,84,84,85,87,83,83,85,88,81,85,88,
2024.6.23 15:57,122,98,80,81,74,81,77,76,90,80,79,80,91,80,80,82,91,79,82,86,
2024.6.23 15:57,122,99,80,79,73,80,77,76,90,80,79,81,91,79,80,82,91,78,83,88,
2024.6.23 15:57,128,103,85,86,69,87,84,83,84,86,86,87,85,85,86,88,85,84,88,92,
2024.6.23 15:57,131,107,89,87,66,89,87,86,81,87,87,89,84,86,86,89,84,84,88,93,
2024.6.23 15:57,134,110,90,87,71,91,86,85,80,90,88,90,81,90,90,92,80,89,91,97,
2024.6.23 15:57,130,106,88,85,69,87,82,80,85,86,85,86,85,86,87,89,83,84,89,94,
2024.6.23 15:57,127,104,86,85,70,86,82,80,86,85,83,84,87,85,84,86,86,85,87,92,
2024.6.23 15:57,122,100,81,80,75,82,77,75,90,81,79,80,91,81,81,82,89,81,84,89,
2024.6.23 15:57,125,105,88,88,66,86,83,82,84,85,84,87,86,84,84,88,86,84,88,94,
2024.6.23 15:57,130,110,92,89,62,90,88,86,80,89,88,89,82,89,88,91,82,87,93,98,
2024.6.23 15:57,130,109,91,92,63,92,89,88,79,91,90,91,80,90,90,92,80,90,95,98,
2024.6.23 15:57,145,111,96,105,57,99,95,94,74,98,95,95,76,97,96,96,75,96,99,101,
2024.6.23 15:57,142,112,95,102,60,98,95,94,73,96,94,95,76,95,94,96,75,95,97,99,
2024.6.23 15:57,142,107,92,99,65,97,95,93,75,95,91,91,79,94,91,92,79,93,94,95,
2024.6.23 15:57,138,104,90,98,67,94,91,89,79,92,89,88,83,91,89,89,82,91,92,92,
2024.6.23 15:57,147,106,93,102,60,98,100,97,73,95,94,93,78,94,95,93,79,96,98,95,
2024.6.23 15:57,146,108,96,108,58,99,97,94,75,96,93,91,79,94,93,91,80,94,95,94,
2024.6.23 15:57,147,111,100,111,50,103,102,100,71,98,97,95,76,97,97,96,77,96,100,99,
2024.6.23 15:57,146,110,98,108,57,103,100,97,72,99,96,93,77,97,96,95,77,97,97,97,
2024.6.23 15:57,145,110,98,107,55,103,100,97,72,99,96,94,77,97,95,95,77,96,97,97,
2024.6.23 15:57,142,108,96,104,58,100,97,94,75,98,95,93,77,97,96,96,76,97,98,98,
2024.6.23 15:57,144,108,96,109,51,101,96,92,75,99,95,92,76,97,97,95,75,98,99,98,
2024.6.23 15:57,140,107,95,107,55,102,97,93,74,101,96,95,75,98,97,97,74,98,99,99,
2024.6.23 15:57,144,109,97,102,62,101,96,92,73,100,96,95,74,98,97,97,74,96,99,100,
2024.6.23 15:57,144,115,95,95,70,98,93,91,74,98,95,95,74,99,95,96,73,99,97,99,
2024.6.23 15:57,146,112,94,98,63,97,92,90,75,96,94,94,76,96,94,95,76,94,95,98,
2024.6.23 15:57,141,108,90,99,67,95,90,87,77,94,91,91,79,94,92,93,78,93,94,97,
2024.6.23 15:57,135,102,86,95,70,93,88,85,81,92,89,89,81,91,91,91,80,90,93,95,
2024.6.23 15:57,133,102,83,89,70,89,85,83,82,88,87,88,83,88,90,91,81,87,90,94,
2024.6.23 15:57,131,100,81,91,72,86,84,83,84,86,87,88,84,86,90,92,82,87,91,96,
2024.6.23 15:57,133,104,84,91,72,90,87,86,80,90,90,92,80,90,91,94,79,88,94,99,
2024.6.23 15:57,131,103,83,85,73,87,85,84,83,87,89,92,81,88,91,95,80,86,92,98,
2024.6.23 15:58,127,101,82,82,79,87,84,83,83,86,87,90,83,86,89,93,81,82,89,97,
2024.6.23 15:58,122,99,79,74,85,79,76,75,91,82,83,84,87,82,86,88,85,80,85,91,
2024.6.23 15:58,117,94,74,72,87,76,71,70,95,78,77,78,93,78,80,83,90,79,81,86,
2024.6.23 15:58,128,101,82,88,72,87,84,82,84,87,87,87,84,86,88,89,83,85,89,93,
2024.6.23 15:58,132,104,85,94,68,90,86,84,82,90,87,88,83,89,88,90,82,87,89,93,
2024.6.23 15:58,136,104,86,93,69,92,87,85,81,91,88,88,83,90,90,90,81,89,90,93,
2024.6.23 15:58,137,104,88,95,69,92,89,87,80,91,89,89,82,90,91,92,81,90,91,93,
2024.6.23 15:58,140,111,96,101,66,97,93,91,75,96,92,92,78,95,93,94,77,94,93,95,
2024.6.23 15:58,151,112,97,105,60,101,98,97,72,100,96,95,75,98,96,96,75,97,99,99,
2024.6.23 15:58,157,113,97,112,55,103,102,101,68,101,101,100,71,100,101,99,71,100,102,101,
2024.6.23 15:58,154,117,98,111,54,104,102,101,68,102,101,100,70,101,101,97,71,102,102,99,
2024.6.23 15:58,153,114,98,106,60,101,98,96,72,101,96,95,74,99,95,95,75,97,96,97,
2024.6.23 15:58,149,118,102,104,60,102,99,98,71,101,96,96,74,99,94,95,75,97,96,97,
2024.6.23 15:58,141,110,93,103,66,97,94,93,75,96,92,93,78,94,92,93,78,94,93,95,
2024.6.23 15:58,137,105,87,94,69,93,90,88,79,91,89,89,82,91,91,91,81,90,92,94,
2024.6.23 15:58,127,100,81,88,72,87,83,81,86,86,83,83,87,86,85,87,85,85,87,90,
2024.6.23 15:58,123,95,77,86,74,83,80,78,89,82,81,82,90,81,83,84,89,80,84,88,
2024.6.23 15:58,122,96,77,82,75,82,79,77,90,81,80,81,91,80,81,84,90,79,83,88,
2024.6.23 15:58,133,100,83,90,71,88,86,84,84,87,86,86,86,86,87,87,85,85,87,89,
2024.6.23 15:58,133,105,92,98,53,94,92,91,77,90,89,90,83,85,85,86,86,81,83,86,
2024.6.23 15:58,146,118,108,114,37,107,110,111,61,100,103,105,70,95,97,100,75,87,91,95,
2024.6.23 15:58,149,122,114,123,34,114,123,129,47,104,111,118,62,99,109,116,66,92,107,115,
2024.6.23 15:58,157,128,122,133,31,120,123,126,45,111,115,119,56,105,113,120,60,98,112,120,
2024.6.23 15:58,155,128,121,124,36,114,125,131,47,106,116,122,59,101,111,118,64,93,108,117,
2024.6.23 15:58,143,120,108,108,38,110,116,118,55,100,104,106,69,94,100,104,73,86,97,102,
2024.6.23 15:58,135,115,102,100,47,101,104,104,65,93,96,98,76,88,92,95,80,80,88,93,
2024.6.23 15:58,128,112,95,83,57,93,95,93,74,85,87,87,84,81,82,84,88,72,78,81,
2024.6.23 15:58,122,111,94,80,59,90,88,85,78,81,80,78,89,77,76,76,92,69,71,71,
2024.6.23 15:58,124,109,96,103,46,93,90,88,75,82,80,78,88,76,73,74,94,66,68,69,
2024.6.23 15:58,134,115,101,110,41,99,99,99,68,90,89,89,79,84,83,87,84,75,82,86,
2024.6.23 15:58,144,120,111,121,30,105,110,112,60,96,101,104,71,88,96,101,77,79,92,98,
2024.6.23 15:58,147,122,117,122,24,109,117,122,55,99,108,112,67,91,103,110,73,82,100,106,
2024.6.23 15:58,154,124,122,132,23,113,123,130,49,103,116,122,60,93,111,120,67,85,108,117,
2024.6.23 15:58,165,138,129,137,39,129,132,137,34,117,120,125,49,110,116,123,55,101,111,119,
2024.6.23 15:58,168,138,131,145,32,131,144,149,27,119,129,134,45,109,121,129,54,102,115,122,
2024.6.23 15:58,159,133,130,147,23,128,141,147,33,117,130,136,47,109,123,128,56,100,114,120,
2024.6.23 15:58,168,138,132,145,35,132,145,151,25,119,130,136,44,110,121,128,54,100,112,119,
2024.6.23 15:58,170,139,131,140,35,133,145,149,24,121,132,139,41,109,122,130,53,98,111,121,
2024.6.23 15:58,161,134,126,134,23,129,142,140,30,117,127,132,46,107,118,125,55,97,110,120,
2024.6.23 15:58,168,136,123,125,38,126,132,131,37,116,120,125,50,106,113,119,58,97,107,114,
2024.6.23 15:58,151,124,110,117,47,113,122,124,48,108,114,119,58,99,105,111,67,90,99,108,
2024.6.23 15:58,133,119,106,106,50,103,109,111,62,97,102,104,71,91,95,99,77,84,91,96,
2024.6.23 15:58,134,112,99,101,44,101,106,107,66,93,98,101,76,86,93,96,82,77,86,92,
2024.6.23 15:58,130,110,100,105,46,100,103,104,68,93,98,101,75,85,90,94,83,76,84,90,
2024.6.23 15:58,134,117,100,87,52,102,101,100,67,95,94,94,77,87,88,90,83,76,82,87,
2024.6.23 15:58,128,111,96,85,52,95,97,96,72,87,89,89,83,81,83,84,89,70,76,79,
2024.6.23 15:58,127,110,94,85,53,94,97,96,72,86,89,89,83,79,82,83,90,68,75,78,
2024.6.23 15:58,130,113,97,92,46,96,98,98,71,88,91,92,81,80,83,86,88,71,77,82,
2024.6.23 15:58,131,114,99,91,49,98,100,98,69,90,92,93,79,83,86,88,85,74,79,84,
2024.6.23 15:58,130,114,99,84,55,96,98,97,70,90,93,93,79,84,86,88,85,74,80,85,
2024.6.23 15:58,130,113,96,77,62,94,93,91,75,89,89,89,81,84,85,86,85,74,79,83,
2024.6.23 15:58,131,115,98,73,67,94,91,88,76,89,88,88,81,84,85,85,85,77,80,83,
2024.6.23 15:58,130,112,94,71,72,91,89,87,78,87,87,86,83,83,85,85,85,74,77,81,
2024.6.23 15:58,125,109,89,66,81,87,85,83,82,85,84,83,85,80,80,81,88,74,75,78,
2024.6.23 15:58,123,106,87,63,81,85,83,80,85,82,81,80,89,79,79,79,90,71,72,74,
2024.6.23 15:58,120,102,85,62,80,83,80,77,88,79,78,76,92,76,75,74,94,69,70,72,
2024.6.23 15:58,117,100,82,57,83,81,78,75,89,77,75,74,95,72,71,71,98,67,67,69,
2024.6.23 15:58,115,98,80,51,81,80,76,72,91,74,73,71,97,69,68,68,101,63,64,66,
2024.6.23 15:59,113,96,78,53,77,79,75,72,92,72,71,69,99,66,65,64,104,60,62,62,
2024.6.23 15:59,122,109,87,57,75,89,84,81,81,81,77,75,91,76,74,73,94,71,72,71,
2024.6.23 15:59,127,114,97,62,67,96,94,92,72,87,85,84,83,81,82,82,87,74,77,78,
2024.6.23 15:59,132,115,103,114,37,99,95,93,70,89,86,86,82,83,81,83,87,74,79,82,
2024.6.23 15:59,132,118,104,107,46,101,101,100,66,92,91,92,78,87,86,89,82,79,85,88,
2024.6.23 15:59,140,120,106,110,43,105,107,107,62,96,97,99,73,88,91,95,79,79,88,92,
2024.6.23 15:59,146,121,111,115,36,110,114,115,56,101,103,104,68,93,97,101,75,83,93,97,
2024.6.23 15:59,147,122,114,121,31,111,117,120,54,103,107,110,66,94,100,105,73,84,94,100,
2024.6.23 15:59,147,124,116,118,32,113,119,121,52,105,108,110,64,95,101,106,71,86,96,102,
2024.6.23 15:59,154,125,120,129,25,116,124,129,48,107,113,118,60,100,109,114,66,90,101,107,
2024.6.23 15:59,161,127,122,135,23,116,126,131,47,106,117,121,59,99,110,116,66,91,105,110,
2024.6.23 15:59,161,128,122,134,23,117,127,131,46,107,117,121,59,99,110,115,67,90,104,109,
2024.6.23 15:59,161,131,127,136,23,120,129,133,44,108,117,120,58,101,111,115,65,94,106,109,
2024.6.23 15:59,162,131,128,144,25,121,132,136,42,111,123,127,54,104,116,121,61,98,111,115,
2024.6.23 15:59,145,119,120,133,10,112,125,130,53,103,118,123,62,96,110,114,71,89,102,105,
2024.6.23 15:59,147,121,119,135,14,112,124,129,51,104,117,121,62,97,108,113,70,91,103,107,
2024.6.23 15:59,157,127,123,136,26,120,132,135,41,109,118,123,57,101,110,117,65,93,104,111,
2024.6.23 15:59,162,131,122,131,28,123,131,133,39,110,119,124,55,101,110,115,65,93,102,108,
2024.6.23 15:59,163,134,124,126,28,125,132,132,36,112,119,124,53,102,111,118,63,93,105,113,
2024.6.23 15:59,156,128,119,122,31,119,126,124,44,108,114,117,58,99,106,110,66,92,104,110,
2024.6.23 15:59,147,124,112,112,38,112,117,116,52,102,107,110,65,94,101,106,72,87,96,102,
2024.6.23 15:59,137,117,107,115,49,105,111,112,58,99,103,105,69,93,97,100,75,86,91,96,
2024.6.23 15:59,136,118,105,106,47,106,109,110,61,96,100,103,72,89,93,98,79,81,89,95,
2024.6.23 15:59,133,115,100,95,48,105,105,104,64,94,94,94,77,86,88,91,84,77,83,88,
2024.6.23 15:59,131,113,97,91,50,97,97,96,71,89,90,91,81,82,85,87,86,74,79,83,
2024.6.23 15:59,129,112,95,82,58,98,97,95,71,89,89,90,81,84,85,87,86,76,79,83,
2024.6.23 15:59,132,116,99,78,64,98,97,94,70,91,90,91,79,86,88,90,82,77,82,87,
2024.6.23 15:59,128,111,93,71,76,93,92,89,75,85,86,86,84,82,85,87,85,74,80,84,
2024.6.23 15:59,121,105,89,65,74,88,86,82,82,81,80,79,90,76,78,79,92,70,73,76,
2024.6.23 15:59,117,102,84,60,72,84,82,79,85,76,75,73,95,71,70,69,99,64,67,68,
2024.6.23 15:59,117,103,82,52,68,85,83,79,84,76,74,71,96,71,69,67,100,64,65,63,
2024.6.23 15:59,117,108,90,71,63,89,88,85,79,80,79,76,91,72,72,71,98,65,68,66,
2024.6.23 15:59,124,114,95,82,55,97,98,97,70,86,87,85,84,78,78,79,92,68,72,73,
2024.6.23 15:59,134,118,106,98,49,104,106,108,63,92,95,95,77,83,86,89,86,73,80,82,
2024.6.23 15:59,140,122,110,104,44,106,109,111,60,94,99,101,74,84,90,94,82,75,84,88,
2024.6.23 15:59,143,121,111,116,31,110,114,117,57,98,104,106,70,87,95,99,79,76,90,95,
2024.6.23 15:59,140,120,111,111,33,110,114,116,56,99,103,105,70,88,95,99,79,79,90,95,
2024.6.23 15:59,139,119,109,107,35,109,114,116,57,99,103,105,71,89,94,99,79,81,94,98,
2024.6.23 15:59,139,114,100,98,47,104,110,112,61,98,102,105,71,92,96,101,76,85,93,100,
2024.6.23 15:59,135,113,98,91,52,99,103,103,67,94,98,100,75,89,94,97,79,82,91,97,
2024.6.23 15:59,130,110,93,79,61,93,95,93,74,89,91,93,80,84,87,90,84,76,83,89,
2024.6.23 15:59,124,107,91,71,66,90,91,88,77,84,86,86,85,80,82,84,88,72,79,84,
2024.6.23 15:59,118,103,86,55,73,83,84,82,84,77,80,80,91,72,74,74,96,67,71,73,
2024.6.23 15:59,125,107,89,75,63,91,91,89,77,83,85,86,86,78,81,82,90,71,78,81,
2024.6.23 15:59,128,111,94,82,58,96,97,96,72,88,91,92,80,82,85,88,86,74,81,86,
2024.6.23 15:59,131,113,98,90,56,99,102,102,67,92,96,98,76,86,89,93,82,79,87,92,
2024.6.23 15:59,140,117,99,95,54,104,106,106,62,97,99,101,72,92,94,98,77,85,91,96,
2024.6.23 15:59,145,124,107,96,50,111,113,114,56,104,106,108,65,98,101,105,70,91,99,104,
2024.6.23 15:59,141,114,107,111,27,109,117,122,57,101,112,117,65,94,108,115,70,87,105,111,
2024.6.23 15:59,144,118,117,119,18,113,127,132,49,108,122,127,57,103,117,122,64,97,110,113,
2024.6.23 15:59,141,120,123,128,9,113,131,139,50,110,132,140,51,109,133,144,55,110,132,140,
2024.6.23 15:59,143,128,134,139,19,131,143,150,36,131,145,152,38,130,145,155,43,132,144,149,
2024.6.23 15:59,153,124,121,128,24,116,128,134,46,111,124,131,53,100,116,125,62,93,114,123,
2024.6.23 15:59,162,131,129,135,29,124,131,136,39,116,127,133,47,105,122,132,54,96,117,126,
2024.6.23 15:59,172,138,135,146,31,127,136,145,32,117,136,147,38,109,132,148,45,99,128,142,
2024.6.23 15:59,175,141,138,148,34,130,137,145,28,119,135,142,35,111,134,145,41,104,129,137,
2024.6.23 15:59,164,133,130,141,23,126,137,145,34,118,134,143,41,107,127,140,51,100,125,136,
2024.6.23 15:59,155,130,126,136,12,124,132,136,40,118,132,136,45,110,128,135,52,102,121,128,
2024.6.23 15:59,142,118,115,123,21,108,120,125,55,102,116,121,62,99,115,122,65,94,113,122,
2024.6.23 16:00,135,111,102,107,33,104,113,116,60,95,104,108,72,88,100,106,77,84,102,110,
2024.6.23 16:00,130,106,94,96,47,94,99,101,72,88,94,97,80,82,88,92,86,76,88,94,
2024.6.23 16:00,120,97,90,98,45,88,98,101,77,82,91,96,85,74,87,94,91,69,87,95,
2024.6.23 16:00,112,88,88,99,53,84,94,98,85,81,95,100,86,78,93,98,90,76,92,95,
2024.6.23 16:00,113,90,83,92,53,83,91,94,85,77,87,91,90,71,85,91,94,65,83,90,
2024.6.23 16:00,110,87,79,88,55,79,87,90,88,73,80,84,96,68,78,83,99,62,78,85,
2024.6.23 16:00,110,86,80,88,53,79,86,89,89,72,80,84,96,68,79,84,99,61,77,84,
2024.6.23 16:00,114,90,83,93,50,83,92,95,84,77,87,91,91,72,85,90,94,65,82,88,
2024.6.23 16:00,115,91,85,98,48,84,93,96,84,79,90,95,88,74,88,94,92,68,87,95,
2024.6.23 16:00,117,93,88,101,42,85,94,98,83,80,95,101,85,75,93,101,89,71,93,100,
2024.6.23 16:00,120,95,92,104,37,89,98,105,79,84,100,109,80,80,99,109,84,78,99,105,
2024.6.23 16:00,121,96,94,104,37,90,100,106,77,85,102,111,79,82,101,111,83,80,101,107,
2024.6.23 16:00,127,103,96,105,38,93,102,105,73,88,98,103,79,80,95,103,84,75,97,107,
2024.6.23 16:00,135,111,103,108,33,101,107,110,66,93,104,108,73,85,101,107,78,78,101,108,
2024.6.23 16:00,140,118,105,104,38,106,110,113,60,98,104,109,69,91,99,105,75,86,99,107,
2024.6.23 16:00,140,114,105,112,28,102,111,115,62,96,105,110,70,90,102,111,74,86,102,112,
2024.6.23 16:00,138,114,107,112,24,104,113,116,61,97,106,111,69,90,104,111,74,85,103,113,
2024.6.23 16:00,140,113,104,107,33,101,107,108,65,97,104,108,71,89,97,103,78,86,96,103,
2024.6.23 16:00,145,122,105,98,55,109,107,105,59,101,101,103,68,95,97,101,73,88,95,101,
2024.6.23 16:00,145,122,106,97,51,110,111,110,57,102,102,105,68,96,98,102,72,90,98,104,
2024.6.23 16:00,145,122,113,121,35,111,111,110,57,102,102,102,69,97,98,100,73,90,95,99,
2024.6.23 16:00,148,126,117,125,33,114,114,115,54,107,107,109,63,101,104,107,67,94,99,104,
2024.6.23 16:00,154,124,117,131,29,113,117,120,53,107,111,115,61,100,106,111,67,93,102,108,
2024.6.23 16:00,145,121,113,122,33,111,116,116,54,103,104,104,68,97,99,102,73,90,96,100,
2024.6.23 16:00,142,118,107,119,34,108,110,109,60,99,100,101,71,92,94,97,77,84,91,96,
2024.6.23 16:00,137,116,103,110,41,103,106,105,64,95,96,97,75,88,90,94,81,80,86,92,
2024.6.23 16:00,135,115,101,104,47,102,102,100,66,93,93,94,77,86,88,91,83,77,83,88,
2024.6.23 16:00,132,114,99,99,50,99,99,97,69,90,91,91,80,83,85,88,86,75,80,85,
2024.6.23 16:00,129,112,97,93,55,97,97,95,71,88,89,90,81,82,83,86,87,73,77,82,
2024.6.23 16:00,126,109,94,89,60,93,92,90,76,85,85,86,85,80,80,83,90,71,75,80,
2024.6.23 16:00,126,109,93,90,56,94,93,91,75,86,86,86,84,79,80,82,90,70,75,79,
2024.6.23 16:00,133,114,99,101,45,100,100,98,69,91,91,91,79,84,85,88,85,76,81,86,
2024.6.23 16:00,139,119,106,110,41,109,110,109,58,99,99,100,72,91,92,96,79,82,88,93,
2024.6.23 16:00,144,123,113,121,36,113,113,112,55,101,100,101,70,94,95,98,75,86,90,94,
2024.6.23 16:00,151,127,121,126,42,114,118,121,51,105,109,113,63,99,104,109,68,88,93,100,
2024.6.23 16:00,159,129,123,137,28,120,123,125,46,108,112,116,60,101,107,112,66,91,99,104,
2024.6.23 16:00,171,138,130,141,33,129,134,135,34,114,119,122,53,104,111,116,62,96,104,111,
2024.6.23 16:00,165,137,131,143,26,129,133,131,35,115,119,122,53,104,111,114,62,95,105,110,
2024.6.23 16:00,157,129,117,132,37,118,120,119,47,108,109,110,61,100,103,106,67,92,98,103,
2024.6.23 16:00,142,125,114,119,41,115,116,117,51,103,104,106,67,96,98,102,72,86,92,98,
2024.6.23 16:00,139,121,110,112,43,107,107,106,61,99,99,100,71,93,95,98,76,82,89,95,
2024.6.23 16:00,134,117,103,97,44,102,103,102,66,93,94,93,78,86,89,91,83,77,82,86,
2024.6.23 16:00,129,113,97,90,54,99,99,97,69,90,91,92,80,84,86,89,85,74,78,82,
2024.6.23 16:00,130,113,96,85,60,99,97,95,70,90,89,90,80,84,86,88,85,74,79,84,
2024.6.23 16:00,127,111,94,81,62,95,94,92,74,87,87,87,83,81,83,85,87,72,75,80,
2024.6.23 16:00,120,104,89,63,76,90,89,85,79,82,81,79,89,76,77,77,93,68,71,72,
2024.6.23 16:00,118,104,88,64,68,87,88,84,82,79,80,78,92,73,75,74,96,65,68,69,
2024.6.23 16:00,122,103,92,100,48,91,90,89,78,81,81,81,89,75,76,78,94,65,73,76,
2024.6.23 16:00,126,113,100,103,51,97,95,91,73,86,84,82,85,81,78,78,91,72,71,71,
2024.6.23 16:00,130,116,104,108,48,101,100,97,69,92,89,88,80,86,84,85,85,77,80,82,
2024.6.23 16:00,144,124,114,124,31,107,107,107,61,97,98,98,73,88,91,95,79,79,86,90,
2024.6.23 16:00,156,128,124,133,29,113,114,115,54,102,105,107,66,94,100,106,72,85,95,101,
2024.6.23 16:00,161,129,128,139,24,115,119,120,52,107,111,112,62,99,105,110,68,88,99,105,
2024.6.23 16:00,163,129,126,140,24,117,123,125,50,106,112,114,63,99,108,111,68,88,99,103,
2024.6.23 16:00,168,135,132,140,30,125,130,132,39,110,115,117,58,101,107,111,66,89,97,101,
2024.6.23 16:00,166,138,132,141,37,127,132,134,37,113,118,119,54,104,110,114,62,92,99,104,
2024.6.23 16:00,165,131,124,137,30,124,129,129,40,110,115,117,58,101,108,112,65,89,96,101,
2024.6.23 16:00,158,129,121,133,29,119,123,123,46,107,111,113,61,97,104,109,69,86,94,101,
2024.6.23 16:00,154,129,120,125,31,118,121,119,47,106,108,110,63,97,101,105,70,85,93,98,
2024.6.23 16:01,147,122,113,120,35,111,114,111,54,101,102,104,68,94,98,102,73,82,89,96,
2024.6.23 16:01,137,122,112,111,44,108,109,109,59,99,100,101,71,90,94,98,77,79,87,93,
2024.6.23 16:01,138,116,105,111,41,103,105,104,64,94,95,97,76,86,90,94,82,76,84,90,
2024.6.23 16:01,134,113,103,113,38,102,104,103,66,92,93,93,78,84,87,90,84,74,80,85,
2024.6.23 16:01,132,111,102,110,34,99,101,101,69,91,92,92,80,81,85,88,87,71,77,81,
2024.6.23 16:01,128,108,97,102,43,95,97,96,73,86,88,88,85,78,81,84,91,68,73,78,
2024.6.23 16:01,124,105,94,100,44,91,93,92,77,82,85,86,87,75,79,81,94,64,69,73,
2024.6.23 16:01,121,105,91,89,52,89,90,88,80,81,81,81,90,74,75,76,96,63,67,69,
2024.6.23 16:01,122,104,90,87,59,90,90,87,79,82,82,81,89,75,76,77,95,64,68,72,
2024.6.23 16:01,120,102,88,87,58,88,88,86,81,80,80,80,90,73,76,77,95,62,68,73,
2024.6.23 16:01,129,109,99,112,38,96,95,94,73,87,87,87,84,80,83,86,88,71,79,83,
2024.6.23 16:01,132,111,104,117,34,98,99,97,70,89,90,91,81,82,85,88,86,73,80,85,
2024.6.23 16:01,132,110,103,116,34,98,101,100,69,89,91,92,81,82,86,89,86,73,80,85,
2024.6.23 16:01,131,111,105,116,33,100,102,101,68,91,92,93,80,83,87,90,85,73,81,86,
2024.6.23 16:01,132,111,105,115,34,102,104,103,66,92,93,94,79,84,88,90,85,74,81,86,
2024.6.23 16:01,138,116,111,123,29,105,108,110,63,97,99,101,74,90,95,98,79,82,88,92,
2024.6.23 16:01,146,124,120,125,37,112,118,121,53,100,104,107,69,95,100,105,73,84,90,97,
2024.6.23 16:01,146,125,118,124,34,112,117,121,52,98,101,104,71,91,95,101,76,81,88,94,
2024.6.23 16:01,131,108,98,108,41,96,95,94,73,87,88,88,83,82,84,86,87,73,78,81,
2024.6.23 16:01,130,108,99,107,38,98,100,100,70,89,91,92,81,82,86,89,86,73,80,85,
2024.6.23 16:01,128,107,96,105,44,95,97,96,73,86,88,89,84,78,82,85,90,69,75,81,
2024.6.23 16:01,125,106,93,99,47,92,93,92,76,84,85,85,87,77,79,81,92,66,71,76,
2024.6.23 16:01,125,107,94,95,49,93,93,92,76,84,85,85,86,77,79,81,92,67,72,76,
2024.6.23 16:01,126,107,93,97,50,94,95,94,74,85,87,87,85,78,81,84,90,68,75,81,
2024.6.23 16:01,129,110,96,97,50,97,96,94,72,88,88,89,83,80,83,86,88,72,77,82,
2024.6.23 16:01,130,112,97,92,53,97,97,95,71,88,89,90,81,82,85,87,86,73,77,82,
2024.6.23 16:01,126,109,93,87,56,94,93,91,75,85,86,86,85,79,81,83,90,70,75,79,
2024.6.23 16:01,126,109,94,91,50,93,94,92,76,84,85,85,86,78,80,82,92,67,73,77,
2024.6.23 16:01,131,111,101,106,38,99,102,101,69,90,91,92,81,81,85,88,87,72,78,83,
2024.6.23 16:01,139,121,108,109,38,110,110,110,58,99,98,98,73,91,92,94,79,82,86,91,
2024.6.23 16:01,142,123,112,115,38,111,112,113,56,103,104,106,67,96,99,102,73,84,89,93,
2024.6.23 16:01,146,123,114,122,33,115,118,122,51,106,110,113,62,96,100,104,72,85,91,96,
2024.6.23 16:01,148,125,116,122,36,116,120,123,49,103,106,108,66,96,100,105,72,86,93,99,
2024.6.23 16:01,152,126,119,124,40,118,124,129,46,104,109,113,64,96,102,107,72,87,94,100,
2024.6.23 16:01,151,124,118,124,39,118,124,129,46,103,109,114,64,95,101,107,72,86,93,99,
2024.6.23 16:01,151,124,119,125,36,116,124,129,47,103,109,113,65,95,101,107,73,85,93,99,
2024.6.23 16:01,148,122,115,124,30,114,120,123,51,102,105,107,68,94,99,104,74,84,92,99,
2024.6.23 16:01,143,120,114,124,31,113,121,124,51,104,109,110,65,95,100,104,74,83,91,96,
2024.6.23 16:01,139,117,107,114,34,107,110,110,60,96,99,99,74,87,91,94,81,77,85,89,
2024.6.23 16:01,131,114,100,98,46,99,102,101,68,90,92,92,80,82,85,88,87,72,77,82,
2024.6.23 16:01,127,111,95,87,53,95,95,94,73,84,86,86,85,79,81,83,90,68,71,74,
2024.6.23 16:01,123,108,92,83,56,91,91,89,78,82,83,83,88,75,77,78,94,65,69,72,
2024.6.23 16:01,121,108,91,79,56,89,89,87,79,80,81,80,90,73,74,75,96,64,67,68,
2024.6.23 16:01,120,107,90,82,54,88,88,85,80,79,79,77,92,72,73,73,98,64,65,66,
2024.6.23 16:01,118,108,92,77,56,88,88,86,80,77,77,75,93,70,71,71,99,61,64,62,
2024.6.23 16:01,121,112,95,85,54,92,92,90,76,82,82,80,89,74,74,74,96,64,66,65,
2024.6.23 16:01,129,117,104,99,43,100,100,99,69,88,88,87,83,79,80,82,91,68,73,75,
2024.6.23 16:01,129,116,103,97,43,100,101,101,68,87,89,89,82,79,81,84,90,68,74,76,
2024.6.23 16:01,136,119,111,109,39,104,106,107,64,92,93,92,79,82,84,87,88,70,76,78,
2024.6.23 16:01,140,119,113,114,37,106,108,110,61,93,97,97,76,83,88,91,85,73,81,83,
2024.6.23 16:01,145,122,117,122,31,108,112,116,59,95,102,105,72,85,94,98,81,76,87,91,
2024.6.23 16:01,149,125,123,125,30,111,115,120,55,98,105,109,69,89,97,102,78,79,92,96,
2024.6.23 16:01,135,118,105,107,40,102,105,105,65,90,94,96,78,81,86,90,87,71,80,85,
2024.6.23 16:01,132,116,103,102,41,100,102,102,67,89,92,92,80,81,84,88,87,71,80,83,
2024.6.23 16:01,132,115,102,101,42,100,101,100,69,89,91,91,81,81,83,87,88,71,79,82,
2024.6.23 16:01,133,116,103,100,43,100,104,103,67,91,94,95,79,83,86,90,86,75,82,87,
2024.6.23 16:01,131,114,101,97,47,100,102,101,68,91,92,93,79,83,86,88,86,74,81,86,
2024.6.23 16:01,134,118,102,92,54,104,102,101,65,93,93,94,76,87,89,92,81,79,83,88,
2024.6.23 16:01,133,118,101,87,59,103,102,100,65,94,93,94,76,87,89,91,81,79,83,87,
2024.6.23 16:02,140,123,107,101,52,110,108,105,59,96,92,90,75,93,93,93,76,84,88,90,
2024.6.23 16:02,145,127,111,102,47,113,113,110,56,104,105,104,66,92,93,95,76,86,92,95,
2024.6.23 16:02,145,129,117,114,43,115,114,114,54,105,104,106,65,97,98,102,72,89,94,100,
2024.6.23 16:02,146,131,121,121,46,117,118,120,50,107,109,112,62,100,101,106,69,92,96,102,
2024.6.23 16:02,155,133,120,128,41,120,121,122,45,109,111,113,59,101,105,110,66,93,100,107,
2024.6.23 16:02,162,130,120,133,32,119,126,127,44,110,115,119,58,101,106,112,67,93,101,109,
2024.6.23 16:02,158,131,126,138,26,122,129,132,42,110,116,121,57,101,107,113,67,92,103,109,
2024.6.23 16:02,160,134,131,139,27,124,132,136,39,112,119,123,55,100,109,114,67,93,104,109,
2024.6.23 16:02,167,136,134,146,33,124,133,136,39,114,120,122,55,104,111,116,63,97,108,113,
2024.6.23 16:02,163,133,131,143,32,123,132,137,39,111,118,121,56,102,109,114,65,94,104,110,
2024.6.23 16:02,165,135,133,145,28,126,134,137,38,113,119,121,56,103,111,115,64,93,104,109,
2024.6.23 16:02,163,134,134,146,22,123,131,135,41,109,119,121,58,101,112,115,65,91,105,108,
2024.6.23 16:02,149,123,122,128,30,112,122,127,52,102,113,117,64,94,104,110,72,86,98,105,
2024.6.23 16:02,139,117,110,118,29,110,115,117,56,100,104,105,70,89,94,98,80,81,90,94,
2024.6.23 16:02,133,109,104,113,30,101,108,110,65,92,97,99,77,82,90,94,85,74,86,92,
2024.6.23 16:02,123,102,102,112,25,96,103,105,74,89,97,99,81,82,93,95,87,75,91,92,
2024.6.23 16:02,118,95,97,109,33,91,97,100,79,85,94,97,85,81,91,94,89,77,91,93,
2024.6.23 16:02,114,93,93,103,38,86,93,96,83,79,87,90,91,74,83,87,95,67,83,88,
2024.6.23 16:02,111,91,90,100,41,83,91,95,85,76,84,88,93,70,80,85,98,65,81,87,
2024.6.23 16:02,104,82,78,88,47,77,85,88,90,69,77,80,100,63,72,77,105,58,72,77,
2024.6.23 16:02,102,80,76,85,49,74,85,88,92,70,79,83,99,61,72,77,106,54,69,74,
2024.6.23 16:02,107,83,79,92,49,78,84,86,91,68,74,78,102,66,74,78,103,64,77,81,
2024.6.23 16:02,109,87,84,97,49,81,88,89,89,74,82,85,96,70,80,83,99,66,81,84,
2024.6.23 16:02,112,90,88,100,47,84,91,93,86,78,87,90,91,75,85,88,95,74,88,89,
2024.6.23 16:02,121,98,98,112,41,93,100,103,77,89,101,105,79,87,99,103,83,86,100,101,
2024.6.23 16:02,122,104,106,122,38,98,108,114,71,95,110,115,72,93,110,116,75,92,110,115,
2024.6.23 16:02,130,113,118,125,23,110,118,124,60,107,120,125,63,105,117,124,68,103,115,116,
2024.6.23 16:02,140,118,122,126,18,118,127,132,52,116,126,131,56,120,130,135,58,122,134,137,
2024.6.23 16:02,142,122,124,135,3,108,116,124,57,102,118,128,60,98,116,128,65,98,120,130,
2024.6.23 16:02,135,117,109,120,33,102,105,107,64,89,94,96,78,79,83,87,88,68,75,79,
2024.6.23 16:02,122,112,104,110,42,96,97,98,71,85,85,82,85,74,72,71,98,63,60,56,
2024.6.23 16:02,123,121,107,72,48,91,94,93,72,77,72,60,94,68,58,45,108,54,46,38,
2024.6.23 16:02,122,117,114,114,39,96,99,100,69,85,84,77,85,73,68,64,100,60,52,47,
2024.6.23 16:02,126,117,107,115,45,99,99,100,68,84,85,83,85,74,74,76,96,64,66,68,
2024.6.23 16:02,132,117,104,116,41,99,99,98,68,87,87,87,83,78,79,82,91,67,72,75,
2024.6.23 16:02,133,113,100,108,40,99,98,98,69,91,91,92,79,84,85,88,85,75,81,85,
2024.6.23 16:02,135,114,100,108,40,104,107,108,61,92,92,92,79,85,85,87,85,77,82,86,
2024.6.23 16:02,128,109,93,97,50,96,94,93,72,85,84,85,86,77,78,80,92,68,72,75,
2024.6.23 16:02,126,110,95,99,48,96,94,92,72,83,82,81,88,75,76,77,94,65,67,69,
2024.6.23 16:02,122,109,94,100,53,95,95,93,72,81,81,79,88,72,73,74,97,61,64,66,
2024.6.23 16:02,129,112,100,107,40,100,100,101,68,85,86,87,84,76,77,82,92,65,69,75,
2024.6.23 16:02,134,118,108,119,33,103,108,111,61,89,91,91,79,78,80,84,89,67,70,75,
2024.6.23 16:02,159,132,131,137,10,114,125,134,47,104,117,125,58,94,109,118,68,82,100,110,
2024.6.23 16:02,158,132,134,143,14,118,130,139,43,113,126,133,50,101,119,127,60,93,112,123,
2024.6.23 16:02,146,126,124,134,22,111,119,128,50,98,108,114,65,88,96,103,77,75,84,91,
2024.6.23 16:02,110,98,76,75,71,77,66,56,95,65,58,52,109,61,57,50,113,54,51,43,
2024.6.23 16:02,107,91,67,64,73,67,57,47,105,57,51,46,116,56,51,44,119,50,48,41,
2024.6.23 16:02,102,82,56,51,76,57,49,40,112,48,43,37,124,43,39,33,130,36,34,29,
2024.6.23 16:02,106,92,70,65,72,66,57,43,104,56,47,38,118,50,46,36,123,46,45,35,
2024.6.23 16:02,108,102,80,67,73,80,65,51,94,66,55,44,111,58,53,41,117,53,51,40,
2024.6.23 16:02,107,99,78,69,76,75,64,49,98,64,57,47,110,59,55,44,116,55,52,40,
2024.6.23 16:02,112,105,87,74,68,85,77,72,85,72,65,59,101,67,63,56,107,59,55,47,
2024.6.23 16:02,114,107,94,92,58,89,85,82,80,75,71,66,97,67,64,60,105,57,55,50,
2024.6.23 16:02,127,113,99,106,43,95,96,95,72,81,82,81,88,72,72,74,97,60,64,67,
2024.6.23 16:02,144,122,119,129,21,111,118,122,54,102,108,111,66,92,99,103,76,83,93,98,
2024.6.23 16:02,159,134,122,130,37,124,126,126,42,116,117,119,53,106,107,111,63,94,100,107,
2024.6.23 16:02,165,133,125,137,26,124,132,131,37,112,117,119,55,101,106,110,67,96,105,110,
2024.6.23 16:02,166,146,129,125,40,132,133,131,32,119,120,121,48,111,113,116,56,102,108,113,
2024.6.23 16:02,152,133,117,110,39,116,115,113,51,105,104,105,64,98,100,103,69,88,96,100,
2024.6.23 16:03,143,120,107,113,51,108,108,107,59,100,101,102,69,94,96,99,73,86,92,97,
2024.6.23 16:03,147,121,109,120,38,109,110,110,59,102,102,103,68,94,96,99,75,86,92,95,
2024.6.23 16:03,159,130,120,127,29,122,125,124,44,109,113,115,60,98,104,107,69,86,93,98,
2024.6.23 16:03,160,130,123,129,30,123,125,125,43,109,113,115,60,99,105,108,69,86,92,97,
2024.6.23 16:03,159,127,120,132,30,117,122,123,49,107,112,114,62,98,104,107,70,90,96,101,
2024.6.23 16:03,156,125,121,134,25,114,120,121,53,107,113,113,63,98,103,105,72,89,95,98,
2024.6.23 16:03,152,129,127,138,4,115,123,124,53,108,116,116,62,100,108,110,69,91,103,106,
2024.6.23 16:03,153,123,122,134,15,114,121,123,53,103,109,110,67,95,101,103,75,88,97,100,
2024.6.23 16:03,148,126,126,139,7,116,125,127,51,110,121,123,58,102,112,115,67,92,105,108,
2024.6.23 16:03,143,119,117,133,12,110,118,120,59,105,113,115,64,101,110,111,69,93,105,106,
2024.6.23 16:03,140,116,114,117,17,105,112,116,62,98,108,112,70,93,106,112,74,87,105,110,
2024.6.23 16:03,137,111,106,117,27,101,108,111,66,93,100,103,76,88,97,101,80,83,96,101,
2024.6.23 16:03,136,111,103,113,32,104,109,111,63,95,99,101,75,88,94,98,80,81,92,97,
2024.6.23 16:03,126,105,94,98,47,96,99,99,72,86,89,90,84,79,84,87,89,71,80,85,
2024.6.23 16:03,123,105,92,90,53,93,94,93,76,83,85,85,87,76,79,82,93,68,74,79,
2024.6.23 16:10,100,95,100,100,26,104,156,147,45,102,165,144,46,100,171,145,54,95,139,167,
2024.6.23 16:10,67,59,46,73,149,54,48,45,139,46,43,53,147,45,36,61,150,50,50,105,
2024.6.23 16:10,141,117,100,106,84,110,105,104,66,124,121,118,53,116,123,122,53,102,108,111,
2024.6.23 16:10,171,145,148,153,42,145,142,140,21,124,122,121,47,114,113,112,57,98,103,102,
2024.6.23 16:10,163,150,149,149,42,146,140,140,22,128,124,124,44,114,115,118,54,100,105,108,
2024.6.23 16:10,153,134,132,152,19,133,141,142,32,124,126,126,48,113,117,117,58,105,111,112,
2024.6.23 16:10,157,139,139,151,30,139,144,142,29,125,130,129,45,115,120,119,56,103,107,107,
2024.6.23 16:10,164,146,144,153,41,143,142,140,25,123,125,125,46,115,120,121,52,106,114,115,
2024.6.23 16:10,172,148,139,147,43,138,139,136,25,126,127,128,41,115,117,121,50,103,107,114,
2024.6.23 16:10,169,135,127,134,40,127,133,132,38,119,123,122,52,110,115,116,59,104,106,108,
2024.6.23 16:10,159,137,137,152,24,134,141,142,30,124,128,127,46,113,120,119,57,104,113,112,
2024.6.23 16:10,170,141,136,151,30,134,137,136,32,124,125,125,47,113,117,119,56,102,107,110,
2024.6.23 16:10,169,139,139,151,34,137,139,139,29,124,125,125,46,113,118,119,56,101,109,111,
2024.6.23 16:10,172,146,138,146,39,139,139,139,26,124,124,125,45,112,116,120,54,101,108,112,
2024.6.23 16:10,167,142,137,150,29,133,138,139,31,124,126,125,46,113,118,120,55,104,110,112,
2024.6.23 16:10,144,138,136,153,25,131,138,136,40,125,128,127,48,120,124,123,53,115,119,118,
2024.6.23 16:10,138,133,137,157,33,136,139,136,40,129,130,127,48,125,128,125,51,121,122,117,
2024.6.23 16:10,147,144,141,164,28,135,143,143,32,125,132,132,44,118,125,127,51,110,114,116,
2024.6.23 16:10,149,129,135,148,21,133,137,137,37,120,125,127,51,109,115,118,60,98,104,106,
2024.6.23 16:10,171,139,133,141,38,133,133,132,33,124,125,125,46,112,115,114,57,99,106,105,
2024.6.23 16:10,165,129,125,139,33,126,129,128,39,115,116,118,55,105,108,110,64,94,101,105,
2024.6.23 16:10,174,140,136,146,39,136,136,135,32,126,127,128,44,113,117,118,57,102,110,110,
2024.6.23 16:10,148,130,134,154,22,134,142,143,34,122,129,131,47,113,120,122,56,102,107,108,
2024.6.23 16:10,149,139,135,157,24,131,142,143,34,123,129,129,47,115,121,123,55,107,111,114,
2024.6.23 16:10,167,137,133,145,18,125,127,127,43,120,122,122,51,109,112,115,61,98,104,108,
2024.6.23 16:10,167,133,130,138,16,125,123,124,44,112,114,115,58,103,107,110,66,87,93,96,
2024.6.23 16:10,159,132,124,130,30,122,118,119,47,108,108,109,62,99,101,104,70,84,88,91,
2024.6.23 16:11,159,135,126,130,37,127,124,124,42,113,112,112,57,103,105,108,65,89,93,97,
2024.6.23 16:11,162,132,126,131,25,124,124,125,44,110,112,112,60,100,106,108,67,86,92,95,
2024.6.23 16:11,154,124,116,124,28,117,118,117,51,107,107,108,65,96,98,101,74,82,87,91,
2024.6.23 16:11,146,118,114,131,20,110,115,115,60,105,108,108,67,97,100,102,75,88,93,95,
2024.6.23 16:11,148,119,114,130,18,110,115,116,59,105,108,109,67,97,101,103,74,87,94,96,
2024.6.23 16:11,123,105,101,114,34,99,108,108,71,91,98,96,81,85,91,90,87,78,83,83,
2024.6.23 16:11,116,93,90,103,49,89,97,98,80,81,86,85,92,76,82,81,96,71,77,75,
2024.6.23 16:11,137,102,98,111,36,104,106,103,70,105,109,110,72,106,106,110,77,104,103,105,
2024.6.23 16:11,139,118,112,130,9,113,117,116,57,105,107,108,68,100,104,105,72,95,99,99,
2024.6.23 16:11,130,115,119,137,30,119,124,122,56,111,114,112,65,104,110,108,70,101,103,99,
2024.6.23 16:11,133,117,123,135,18,121,126,125,52,111,116,115,63,102,107,107,71,98,102,98,
2024.6.23 16:11,131,114,117,126,15,118,125,124,56,110,116,115,64,103,110,107,71,99,107,102,
2024.6.23 16:11,133,121,119,133,33,125,128,125,51,123,126,123,53,118,124,123,55,116,121,118,
2024.6.23 16:11,129,114,115,133,42,118,119,115,60,115,116,112,62,112,116,113,64,110,115,109,
2024.6.23 16:11,123,106,107,122,34,102,103,99,75,99,100,97,78,97,100,97,80,96,100,95,
2024.6.23 16:11,144,117,118,126,13,118,123,121,50,103,106,105,70,93,98,98,79,84,92,92,
2024.6.23 16:11,129,117,122,132,18,119,125,124,53,106,113,113,66,96,104,104,76,92,96,94,
2024.6.23 16:11,137,115,113,131,18,114,123,122,56,105,111,109,68,101,106,105,72,97,100,98,
2024.6.23 16:11,133,113,112,124,25,115,120,117,59,110,114,111,66,105,111,108,69,103,107,103,
2024.6.23 16:11,159,132,135,141,24,130,136,135,36,117,123,122,53,103,110,111,66,95,102,103,
2024.6.23 16:11,144,123,130,142,16,125,130,130,47,112,115,114,62,100,105,104,72,93,100,98,
2024.6.23 16:11,137,120,126,132,12,122,129,127,50,107,112,110,66,97,101,101,76,91,98,96,
2024.6.23 16:11,127,112,116,125,19,115,118,117,59,102,104,104,73,92,95,94,82,89,94,90,
2024.6.23 16:11,146,121,125,127,9,122,127,127,46,109,114,115,61,99,106,106,71,90,99,97,
2024.6.23 16:11,152,124,121,127,20,122,125,122,45,108,111,110,63,99,104,104,71,89,97,97,
2024.6.23 16:11,155,127,125,128,18,125,130,130,42,111,115,114,59,100,104,103,70,90,98,98,
2024.6.23 16:11,143,121,122,126,6,123,128,125,47,108,113,112,63,100,106,103,72,92,98,95,
2024.6.23 16:11,140,121,126,131,17,124,130,131,48,111,115,115,63,98,104,104,74,94,101,99,
2024.6.23 16:11,138,123,130,137,25,125,128,127,50,114,118,115,61,104,111,107,69,99,104,98,
2024.6.23 16:11,141,123,127,142,15,122,127,126,49,111,116,116,62,101,108,108,71,93,98,98,
2024.6.23 16:11,157,120,110,127,25,113,113,112,56,104,106,105,68,96,99,99,75,87,93,95,
2024.6.23 16:11,147,120,112,115,41,112,114,112,54,101,103,103,69,93,95,96,77,83,87,90,
2024.6.23 16:11,141,117,113,114,46,107,107,107,61,99,99,100,73,90,91,94,81,79,83,87,
2024.6.23 16:11,136,109,100,102,47,101,101,97,67,93,93,93,78,85,86,87,85,73,77,81,
2024.6.23 16:11,126,102,95,92,54,93,95,92,77,86,89,88,85,79,83,84,90,69,72,76,
2024.6.23 16:11,137,113,104,107,43,107,108,108,62,97,99,101,73,89,91,95,81,81,85,90,
2024.6.23 16:11,135,111,112,120,16,112,117,119,57,98,102,102,74,92,98,98,80,82,88,88,
2024.6.23 16:11,127,105,106,116,18,104,109,111,66,93,98,99,79,86,93,94,86,78,87,86,
2024.6.23 16:11,127,105,102,109,31,100,106,107,68,91,96,97,80,82,88,90,87,73,81,84,
2024.6.23 16:11,128,102,103,111,20,104,110,111,65,94,97,98,79,86,93,95,85,83,90,88,
2024.6.23 16:11,142,113,107,116,22,110,116,117,55,99,104,108,70,92,98,103,76,84,94,99,
2024.6.23 16:11,128,106,107,116,11,104,110,112,65,95,100,101,77,87,94,96,84,81,89,89,
2024.6.23 16:11,121,101,103,110,33,99,104,106,72,90,95,94,84,84,90,89,90,76,86,83,
2024.6.23 16:11,124,103,98,104,38,98,102,102,71,87,91,92,84,77,83,86,92,69,80,83,
2024.6.23 16:11,123,103,96,101,42,98,100,100,72,87,90,90,84,77,82,85,92,69,79,82,
2024.6.23 16:11,136,117,124,126,7,104,107,110,70,103,108,109,71,102,110,110,72,101,110,109,
2024.6.23 16:11,147,123,123,120,28,116,121,122,52,110,113,112,63,102,104,104,71,95,100,101,
2024.6.23 16:11,155,122,117,134,32,116,122,121,50,109,113,115,61,101,106,109,69,99,105,107,
2024.6.23 16:11,161,135,130,130,27,128,134,132,37,116,120,122,52,104,109,112,64,95,104,107,
2024.6.23 16:11,159,131,127,134,27,125,130,128,40,112,116,118,56,101,108,111,66,93,103,107,
2024.6.23 16:11,157,139,139,156,29,129,139,141,35,119,124,125,51,108,114,116,62,103,111,114,
2024.6.23 16:11,122,135,134,133,66,127,126,125,43,122,121,119,51,114,111,111,60,112,107,105,
2024.6.23 16:11,166,137,135,145,31,126,130,130,42,119,122,122,52,107,111,113,63,99,105,108,
2024.6.23 16:11,165,138,137,139,27,127,130,131,41,118,122,123,53,105,110,113,65,95,104,107,
2024.6.23 16:11,162,141,143,147,23,123,132,136,42,117,126,129,51,107,114,118,62,98,109,114,
2024.6.23 16:11,157,132,137,141,16,120,128,133,45,109,118,121,58,101,108,111,68,90,99,102,
2024.6.23 16:11,160,130,133,134,23,119,120,124,48,104,110,113,64,94,100,104,75,81,88,92,
2024.6.23 16:11,150,129,129,134,29,120,118,119,49,106,107,107,65,94,97,100,75,82,88,91,
2024.6.23 16:11,155,131,131,135,32,120,121,124,48,107,109,111,63,97,100,104,73,87,93,98,
2024.6.23 16:12,169,141,137,140,36,128,130,132,39,117,121,121,52,107,111,112,63,98,106,107,
2024.6.23 16:12,147,145,153,161,35,140,146,147,28,128,132,133,43,116,122,123,55,107,115,114,
2024.6.23 16:12,156,146,150,155,31,139,146,146,25,126,129,130,44,111,118,121,57,101,110,113,
2024.6.23 16:12,172,141,136,152,34,130,134,134,35,119,121,122,51,107,112,116,62,98,107,111,
2024.6.23 16:12,142,134,146,161,34,136,145,149,34,124,131,133,47,114,123,125,55,106,115,114,
2024.6.23 16:12,149,145,153,163,36,135,144,145,32,124,130,130,46,115,122,123,56,109,117,116,
2024.6.23 16:12,157,147,148,155,34,129,140,143,35,121,131,131,47,110,118,120,59,102,116,119,
2024.6.23 16:12,169,141,141,144,29,126,139,143,35,118,126,126,51,105,111,113,65,95,103,107,
2024.6.23 16:12,134,120,109,119,34,106,104,104,63,91,91,90,80,81,83,84,89,67,69,71,
2024.6.23 16:12,140,123,111,115,37,110,107,106,59,97,96,96,74,87,88,91,83,75,79,82,
2024.6.23 16:12,119,123,133,145,40,137,135,136,46,134,135,133,50,130,131,128,58,128,127,124,
2024.6.23 16:12,139,145,135,137,48,127,131,134,39,123,127,130,46,116,117,120,55,113,117,119,
2024.6.23 16:12,141,131,139,149,29,134,140,140,38,123,130,132,48,116,126,129,53,112,119,118,
2024.6.23 16:12,145,132,138,146,24,132,140,141,35,120,127,130,49,111,122,124,56,104,113,114,
2024.6.23 16:12,151,136,136,146,24,129,135,134,37,118,122,124,52,110,115,119,59,102,109,113,
2024.6.23 16:12,137,130,141,151,31,135,140,141,38,124,129,130,49,117,126,127,55,113,120,116,
2024.6.23 16:12,144,143,137,128,48,135,141,138,27,128,128,127,41,118,115,117,53,114,117,117,
2024.6.23 16:12,138,135,150,159,40,141,139,137,39,135,134,132,44,130,135,133,47,127,134,126,
2024.6.23 16:12,139,138,151,163,40,142,143,143,35,133,135,135,43,128,134,133,46,125,131,125,
2024.6.23 16:12,156,144,146,159,34,134,144,146,30,124,133,133,44,115,122,124,54,107,114,116,
2024.6.23 16:12,173,139,141,148,34,126,135,139,38,116,123,123,53,108,116,116,61,103,112,109,
2024.6.23 16:12,154,133,136,142,19,122,130,135,42,112,120,122,57,103,109,112,67,95,102,104,
2024.6.23 16:12,141,122,117,120,27,112,111,112,58,99,102,102,72,87,90,92,83,74,80,83,
2024.6.23 16:12,130,114,118,123,13,107,111,114,63,96,101,102,76,86,90,92,88,77,92,92,
2024.6.23 16:12,146,123,119,126,27,114,117,119,53,101,105,105,69,90,93,95,80,79,87,89,
2024.6.23 16:12,149,127,127,134,23,121,124,126,46,106,110,110,65,93,98,101,76,84,90,94,
2024.6.23 16:12,166,134,131,143,32,125,129,131,41,114,118,119,56,103,110,112,66,96,104,106,
2024.6.23 16:12,163,138,134,143,28,131,134,133,35,117,120,122,52,107,111,114,62,99,106,110,
2024.6.23 16:12,157,139,142,142,29,135,140,139,32,121,125,124,50,108,115,116,61,101,109,110,
2024.6.23 16:12,146,138,151,161,36,138,148,149,31,124,131,132,47,114,122,123,57,108,116,114,
2024.6.23 16:12,133,130,146,154,39,139,139,141,42,126,128,128,52,124,132,130,52,126,138,128,
2024.6.23 16:12,178,147,142,148,41,140,141,141,24,123,127,129,45,111,118,123,55,99,109,114,
2024.6.23 16:12,166,144,143,158,38,140,143,142,26,123,127,126,47,111,117,118,59,102,107,110,
2024.6.23 16:12,148,142,149,160,36,135,143,144,32,122,129,128,49,112,119,119,59,105,112,112,
2024.6.23 16:12,151,147,153,162,32,136,148,151,29,125,134,133,45,116,122,121,56,110,118,116,
2024.6.23 16:12,161,138,140,146,21,126,131,134,41,113,121,123,55,104,110,112,67,94,105,106,
2024.6.23 16:12,157,131,134,141,20,119,126,129,47,107,117,118,61,95,103,106,73,85,92,95,
2024.6.23 16:12,65,42,48,53,96,43,65,89,132,52,75,88,126,59,78,88,126,71,79,84,
2024.6.23 16:12,147,124,123,126,30,114,114,117,54,99,103,105,70,87,90,93,83,72,75,78,
2024.6.23 16:12,141,117,119,129,13,113,123,129,53,103,113,116,66,94,102,104,77,83,92,94,
2024.6.23 16:12,132,140,134,130,42,117,119,120,52,116,119,121,54,108,109,112,63,108,108,112,
2024.6.23 16:12,121,136,136,132,68,126,127,124,42,123,121,117,50,112,106,107,62,108,108,108,
2024.6.23 16:12,136,122,129,149,21,121,122,119,54,120,120,118,57,119,121,120,57,118,122,119,
2024.6.23 16:12,160,126,122,150,22,126,139,141,37,118,125,127,52,110,117,119,61,102,111,115,
2024.6.23 16:12,154,133,128,153,26,130,142,143,32,123,130,133,44,116,123,127,52,111,121,125,
2024.6.23 16:12,162,147,145,144,29,144,150,148,20,134,139,141,33,118,124,127,49,108,118,120,
2024.6.23 16:12,166,147,144,145,31,143,148,147,21,133,138,140,34,117,123,126,51,108,116,119,
2024.6.23 16:12,142,134,141,162,29,133,140,138,37,126,127,125,49,120,124,125,53,118,120,120,
2024.6.23 16:12,158,126,119,138,32,121,128,129,42,115,121,124,52,103,109,114,64,93,100,107,
2024.6.23 16:12,163,141,138,140,38,131,132,137,34,121,131,135,42,105,115,121,59,89,96,102,
2024.6.23 16:12,164,144,140,145,35,132,139,142,29,128,138,141,34,116,128,132,46,100,111,114,
2024.6.23 16:12,165,144,146,159,26,142,154,156,18,141,153,153,21,124,134,137,39,109,118,124,
2024.6.23 16:12,163,142,141,140,28,123,132,141,37,118,134,141,42,102,114,122,61,83,90,101,
2024.6.23 16:12,130,125,126,128,25,105,104,103,61,90,86,78,80,70,62,60,102,55,45,49,
2024.6.23 16:12,129,125,132,131,24,101,106,103,59,83,95,66,75,58,42,36,116,32,17,20,
2024.6.23 16:12,131,128,131,131,31,110,113,119,54,99,99,93,67,76,60,56,98,53,35,37,
2024.6.23 16:12,139,134,135,135,32,112,111,111,53,95,94,90,72,77,70,71,94,61,54,59,
2024.6.23 16:12,138,131,125,129,49,116,118,124,50,108,113,117,58,91,91,97,78,77,77,83,
2024.6.23 16:12,160,145,144,143,46,130,134,137,34,120,128,129,45,105,111,115,62,96,100,103,
2024.6.23 16:13,156,134,136,137,25,124,126,126,45,113,117,116,58,97,101,103,74,89,97,98,
2024.6.23 16:13,148,139,150,161,32,130,138,141,38,122,130,132,48,110,116,118,61,105,113,113,
2024.6.23 16:13,161,132,133,155,28,130,137,136,37,120,123,124,52,103,106,111,68,93,104,111,
2024.6.23 16:13,173,144,145,157,33,132,139,139,33,124,126,126,47,109,111,114,62,98,107,109,
2024.6.23 16:13,126,105,104,118,12,102,106,106,69,95,100,101,77,89,94,97,82,78,82,86,
2024.6.23 16:13,115,95,97,107,29,90,95,93,84,87,92,91,87,80,85,84,94,72,75,74,
2024.6.23 16:13,138,108,103,113,28,100,108,108,66,93,99,100,77,87,92,93,84,75,77,81,
2024.6.23 16:13,143,113,109,114,30,108,111,110,58,98,102,103,71,88,91,93,82,72,75,79,
2024.6.23 16:13,126,105,96,98,54,96,102,102,68,88,93,94,80,80,84,87,88,68,74,79,
2024.6.23 16:13,124,104,95,99,47,95,96,95,74,85,88,88,85,76,80,82,93,64,70,74,
2024.6.23 16:13,125,106,99,106,39,97,98,98,73,86,88,89,85,74,79,82,95,63,69,73,
2024.6.23 16:13,138,116,111,119,28,104,104,106,65,93,95,95,78,80,83,85,90,67,72,75,
2024.6.23 16:13,147,124,125,127,19,113,119,124,54,103,111,114,66,93,100,104,77,87,96,99,
2024.6.23 16:13,136,118,121,135,7,112,121,122,57,103,109,109,69,97,103,104,76,91,99,98,
2024.6.23 16:14,99,78,68,79,71,62,60,59,108,47,47,45,125,35,38,38,135,30,30,30,
2024.6.23 16:14,106,84,78,86,66,72,70,68,101,59,60,58,114,50,51,51,123,44,45,45,
2024.6.23 16:14,109,88,82,89,55,76,74,73,96,62,63,62,110,53,56,57,117,44,47,49,
2024.6.23 16:14,115,94,85,91,55,84,83,82,88,69,69,67,104,60,60,61,111,51,53,57,
2024.6.23 16:14,117,95,88,96,56,84,87,88,83,72,72,72,100,62,63,66,108,53,57,63,
2024.6.23 16:14,112,91,80,88,58,76,74,71,95,62,62,60,109,52,53,54,118,41,43,44,
2024.6.23 16:14,118,97,88,98,54,82,80,77,90,69,71,70,102,60,63,65,110,49,51,54,
2024.6.23 16:14,106,88,73,76,64,66,65,62,104,51,53,49,119,41,46,42,129,34,35,32,
2024.6.23 16:14,105,84,74,84,62,66,63,60,105,52,52,49,120,41,43,41,130,32,32,30,
2024.6.23 16:14,107,86,77,83,60,70,68,65,102,57,59,57,114,46,49,49,123,37,38,39,
2024.6.23 16:14,108,90,84,89,59,71,73,72,98,64,69,69,104,54,61,62,113,42,49,53,
2024.6.23 16:14,113,95,94,96,57,79,79,76,94,74,73,72,100,67,66,67,106,60,63,65,
2024.6.23 16:14,119,99,97,103,56,85,83,79,90,81,79,77,94,73,72,73,99,65,68,71,
2024.6.23 16:14,126,100,98,107,45,87,86,85,87,80,82,82,93,72,78,80,98,60,65,70,
2024.6.23 16:14,129,103,96,104,47,90,88,87,83,81,81,80,92,68,67,71,104,59,57,60,
2024.6.23 16:14,117,97,90,96,54,76,75,72,95,66,67,63,106,56,59,57,114,48,45,43,
2024.6.23 16:14,106,87,75,84,59,65,63,59,105,51,54,51,119,40,44,42,129,32,33,32,
2024.6.23 16:14,109,88,78,86,59,71,68,65,100,58,58,57,113,47,50,51,121,37,40,42,
2024.6.23 16:14,124,100,98,104,49,85,84,82,87,79,78,77,95,71,72,72,101,63,66,67,
2024.6.23 16:14,131,103,102,113,33,90,90,89,83,82,83,82,91,75,78,78,97,66,75,75,
2024.6.23 16:14,132,104,101,112,34,89,90,88,84,84,85,84,90,76,78,80,96,65,71,74,
2024.6.23 16:14,138,114,114,121,22,95,95,94,79,88,90,88,85,80,83,84,91,69,76,80,
2024.6.23 16:14,135,111,111,118,29,91,90,90,81,82,86,85,89,73,76,78,96,63,61,64,
2024.6.23 16:14,125,104,98,106,42,84,84,81,87,75,75,72,98,64,65,65,107,54,51,52,
2024.6.23 16:14,116,98,87,93,50,76,74,71,95,63,65,61,108,54,57,56,116,45,45,45,
2024.6.23 16:14,110,90,78,86,54,69,66,63,101,55,56,53,115,45,49,47,124,33,35,34,
2024.6.23 16:14,121,103,90,98,44,85,83,81,86,72,72,70,100,62,65,66,107,50,51,53,
2024.6.23 16:14,159,138,130,138,40,124,120,120,46,113,109,109,60,105,104,107,65,92,95,98,
2024.6.23 16:14,170,152,137,140,44,137,135,133,27,129,129,131,37,120,121,125,46,112,115,122,
2024.6.23 16:14,140,123,122,139,13,115,117,114,59,109,111,110,64,105,111,110,67,103,111,108,
2024.6.23 16:14,138,115,117,123,6,108,107,103,67,103,102,100,74,99,103,102,75,96,101,98,
2024.6.23 16:14,79,104,122,124,55,101,102,107,83,106,106,106,78,103,100,103,80,101,95,99,
2024.6.23 16:14,136,110,100,107,42,96,95,95,72,90,91,93,80,84,87,89,85,75,83,89,
2024.6.23 16:15,118,97,88,93,52,79,79,79,89,72,76,76,96,65,67,67,105,56,62,65,
2024.6.23 16:15,104,85,78,80,60,67,65,62,103,56,58,56,114,45,49,49,123,34,38,40,
2024.6.23 16:15,101,81,73,78,63,61,59,56,110,50,52,50,121,38,42,42,131,29,30,31,
2024.6.23 16:15,104,85,79,82,59,67,66,63,104,55,57,55,116,44,47,48,125,33,35,37,
2024.6.23 16:15,119,96,88,97,49,81,79,77,90,70,69,68,102,62,62,63,109,52,54,56,
2024.6.23 16:15,144,121,114,122,35,106,104,103,63,94,94,94,77,87,88,89,84,77,79,81,
2024.6.23 16:15,160,133,119,120,51,110,110,109,57,103,104,104,67,96,95,96,75,86,89,93,
2024.6.23 16:15,172,145,134,135,43,123,125,125,40,109,111,109,60,104,106,105,65,96,101,102,
2024.6.23 16:15,177,144,145,146,40,129,132,132,35,118,120,118,53,105,106,106,67,98,105,106,
2024.6.23 16:15,167,139,143,149,39,127,128,127,41,117,119,117,55,106,109,110,65,99,105,105,
2024.6.23 16:15,169,136,141,140,35,122,124,122,45,112,113,110,60,100,99,99,74,94,98,99,
2024.6.23 16:15,157,132,127,132,36,114,115,114,53,105,106,106,66,96,98,99,75,87,92,95,
2024.6.23 16:15,144,121,117,122,34,104,102,99,66,96,95,93,76,87,87,88,84,77,81,83,
2024.6.23 16:15,135,111,111,117,33,95,94,92,75,88,90,89,83,77,79,81,93,68,73,76,
2024.6.23 16:15,134,112,109,113,32,94,93,91,76,87,87,86,85,78,79,81,92,68,74,77,
2024.6.23 16:15,137,113,110,117,33,97,97,95,74,89,90,89,83,79,79,81,92,69,74,77,
2024.6.23 16:15,146,117,113,124,26,97,98,96,73,89,91,91,82,81,83,85,90,70,77,80,
2024.6.23 16:15,150,124,126,126,31,105,105,105,66,96,100,100,75,85,91,94,83,73,79,83,
2024.6.23 16:15,135,114,112,120,25,93,91,89,79,88,89,88,84,78,79,80,93,63,65,68,
2024.6.23 16:15,118,100,96,102,35,75,73,70,97,66,68,65,105,56,57,56,115,42,41,40,
2024.6.23 16:15,106,94,86,89,47,62,61,55,108,49,50,46,122,38,39,34,136,35,34,29,
2024.6.23 16:15,109,102,98,97,55,73,67,59,98,62,57,51,112,54,53,46,118,46,42,37,
2024.6.23 16:15,112,108,106,111,50,81,78,74,89,68,68,62,104,58,60,53,113,52,47,41,
2024.6.23 16:15,111,106,104,112,55,85,80,76,86,73,71,65,100,65,65,59,108,57,50,45,
2024.6.23 16:15,130,129,130,127,45,104,102,102,63,86,86,82,83,77,73,72,95,60,53,57,
2024.6.23 16:15,147,138,137,135,42,119,116,116,51,105,105,103,66,91,90,95,79,73,67,72,
2024.6.23 16:15,167,147,142,138,43,129,128,131,39,117,120,119,51,108,108,113,60,88,90,96,
2024.6.23 16:15,170,153,145,139,42,136,137,139,31,126,132,130,42,116,118,120,52,98,100,105,
2024.6.23 16:15,162,163,152,143,41,142,144,146,21,131,139,136,35,121,125,126,45,109,114,115,
2024.6.23 16:15,156,153,144,140,44,133,131,136,34,123,127,129,43,112,116,125,50,97,102,112,
2024.6.23 16:15,165,156,142,135,46,132,130,134,34,119,126,127,45,110,119,123,50,97,104,110,
2024.6.23 16:15,162,158,142,135,49,133,133,136,33,120,129,131,43,112,119,124,49,98,103,108,
2024.6.23 16:15,170,146,147,146,42,126,127,126,44,115,119,116,55,103,104,105,68,92,94,96,
2024.6.23 16:15,154,133,135,138,31,109,110,109,60,99,101,99,73,89,91,92,82,77,78,79,
2024.6.23 16:15,144,115,118,122,30,96,94,92,74,88,88,85,85,82,82,81,90,72,72,71,
2024.6.23 16:15,117,94,92,96,37,81,79,69,89,75,74,70,97,71,73,66,101,67,72,66,
2024.6.23 16:15,121,92,92,97,52,83,82,76,85,74,73,69,97,69,72,64,101,59,64,57,
2024.6.23 16:15,124,96,91,92,58,86,82,77,80,77,73,72,94,72,69,62,98,61,57,52,
2024.6.23 16:15,128,103,95,84,66,94,96,91,70,86,84,83,82,81,79,76,85,68,65,62,
2024.6.23 16:15,126,102,94,80,72,95,96,91,69,88,85,83,81,80,84,82,82,65,66,64,
2024.6.23 16:15,124,102,90,77,71,90,94,89,73,83,83,81,85,75,77,75,90,60,60,58,
2024.6.23 16:15,126,97,88,90,63,89,88,83,78,82,80,78,89,74,75,72,93,59,60,59,
2024.6.23 16:15,127,97,92,94,50,88,83,78,85,82,81,79,91,75,75,74,97,66,66,66,
2024.6.23 16:15,117,91,92,97,43,89,88,85,84,79,78,74,96,72,76,70,100,67,71,64,
2024.6.23 16:15,113,91,94,101,32,81,82,80,93,76,76,73,99,71,74,71,103,70,78,71,
2024.6.23 16:15,131,98,92,96,47,87,89,86,83,83,86,84,88,75,78,77,96,70,70,70,
2024.6.23 16:15,128,100,96,99,52,92,91,88,77,85,85,83,87,77,77,76,94,66,67,68,
2024.6.23 16:15,124,100,93,92,64,91,89,85,77,85,83,81,86,77,80,79,90,61,65,67,
2024.6.23 16:15,120,100,90,85,70,90,93,90,75,84,85,84,84,75,78,78,90,60,64,64,
2024.6.23 16:15,125,100,92,78,67,91,93,87,74,84,82,79,86,75,76,71,91,61,60,56,
2024.6.23 16:15,135,112,102,106,46,101,99,96,69,92,91,92,80,84,86,89,85,74,77,82,
2024.6.23 16:15,150,142,132,130,32,118,120,121,48,111,110,110,60,100,102,105,69,91,91,96,
2024.6.23 16:15,173,134,138,146,34,123,130,130,41,114,119,117,56,106,111,108,65,101,105,102,
2024.6.23 16:15,163,140,146,160,35,134,139,138,33,120,125,123,51,111,115,114,61,102,105,104,
2024.6.23 16:15,169,135,131,146,30,124,127,126,42,115,117,117,56,103,107,109,66,94,99,101,
2024.6.23 16:15,154,123,118,134,38,112,114,113,54,103,104,104,67,95,97,99,74,86,90,94,
